time_period,time_identifier,geographic_level,country_code,country_name,region_code,region_name,new_la_code,old_la_code,la_name,ass_nodecision,ass_nodecision_ehc,ass_none,ass_none_ehc,ass_none_ehc_pc,ass_refused,ass_refused_ehc,ass_refused_ehc_pc,assessment_mediation,assessment_tribunal,assessment_w,assessments,direct_pay_education,direct_pay_health,direct_pay_integrated,direct_pay_socialcare,discontinued_abroad,discontinued_age,discontinued_deceased,discontinued_employment,discontinued_unknown,discontinued_engage,discontinued_he,discontinued_lea,discontinued_lea_ehc,discontinued_lea_noncomp,discontinued_left,discontinued_left_ehc,discontinued_met,discontinued_met_ehc,discontinued_met_noncomp,discontinued_other,discontinued_other_ehc,discontinued_other_noncomp,discontinued_total,inc_exc_20week_ehc,inc_exc_20week_rate,inc_exc_26week,inreq_ehc,inreq_ehc_a,inreq_ehc_w,inreq_ehc_y,inreq_rya_ehc,mainstream_to_home,mainstream_to_home_ehc,mainstream_to_special,mainstream_to_special_ehc,new_all_ehc,new_all_ehc_ass_none_ehc_sum,new_all_ehc_pc,no_exc_20week_ehc,no_exc_20week_rate,no_exc_26week,org_arrangements,other_mediation,other_tribunal,total_tribunal,personal_budgets,request_mediation,request_tribunal,special_to_home,special_to_home_ehc,special_to_mainstream,special_to_mainstream_ehc,statements_no_ehc,statements_to_ehc,tot_inc_exc,tot_inc_exc_ehc,tot_no_exc,tot_no_exc_ehc,total_mediation,total_tribunal_followed_mediation,total_tribunal_pc
2023,Calendar year,Local authority,E92000001,England,E12000005,West Midlands,E08000027,332,Dudley,z,,z,76,15.3846,z,146,24.0132,22,11,11,505,6,2,12,171,1,3,6,3,0,149,10,z,50,21,z,z,z,5,6,z,0,1,255,177,45.3846,z,608,26,0,436,0,z,z,z,z,418,494,84.62,160,46.6472,z,0,3,21,45,191,28,13,z,z,z,z,z,z,z,390,z,343,53,,z
2023,Calendar year,Local authority,E92000001,England,E12000007,London,E09000012,204,Hackney,z,,z,,x,z,,x,x,x,x,x,,,,,x,x,x,x,x,x,x,z,x,x,z,z,z,x,x,z,x,x,x,,x,z,x,x,x,x,x,z,z,z,z,,,x,,x,z,,x,x,x,,x,x,z,z,z,z,z,z,z,,z,,,,z
2023,Calendar year,Local authority,E92000001,England,E12000008,South East,E10000025,931,Oxfordshire,z,,z,114,8.5457,z,218,15.7514,27,24,2,1336,23,2,0,134,12,9,3,70,0,166,39,z,78,40,z,z,z,3,17,z,0,0,437,533,53.6217,z,1384,20,0,1146,0,z,z,z,z,1220,1334,91.45,533,53.6757,z,0,40,66,193,159,110,103,z,z,z,z,z,z,z,994,z,993,177,,z
2023,Calendar year,Local authority,E92000001,England,E12000007,London,E09000017,312,Hillingdon,z,,z,32,6.3492,z,267,38.5281,4,0,0,504,3,0,0,0,3,42,1,21,0,51,11,z,99,33,z,z,z,2,10,z,0,0,273,232,55.5024,z,693,33,0,393,0,z,z,z,z,472,504,93.65,227,56.4677,z,0,5,9,20,3,66,11,z,z,z,z,z,z,z,418,z,402,75,,z
2023,Calendar year,Local authority,E92000001,England,E12000002,North West,E08000014,343,Sefton,z,,z,24,3.7795,z,129,16.3706,8,2,0,635,6,0,2,137,4,3,1,11,0,30,6,z,20,8,z,z,z,2,0,z,0,0,85,239,40.4399,z,788,36,7,616,0,z,z,z,z,611,635,96.22,239,40.4399,z,2,1,0,11,9,30,9,z,z,z,z,z,z,z,591,z,591,39,,z
2023,Calendar year,Local authority,E92000001,England,E12000004,East Midlands,E10000024,891,Nottinghamshire,z,,z,148,16.7991,z,244,17.6812,74,10,0,881,27,10,149,613,0,4,1,20,0,287,10,z,59,45,z,z,z,15,27,z,0,0,468,227,32.3362,z,1380,155,0,981,0,z,z,z,z,733,881,83.2,227,32.3362,z,168,4,5,25,799,49,10,z,z,z,z,z,z,z,702,z,702,127,,z
2023,Calendar year,Local authority,E92000001,England,E12000008,South East,E06000038,870,Reading,z,,z,11,3.2544,z,141,29.6842,0,0,0,338,21,0,0,0,1,7,0,9,0,63,13,z,14,14,z,z,z,0,0,z,0,0,121,245,74.9235,z,475,29,1,304,0,z,z,z,z,327,338,96.75,245,74.9235,z,0,0,0,10,21,10,10,z,z,z,z,z,z,z,327,z,327,10,,z
2023,Calendar year,Local authority,E92000001,England,E12000006,East of England,E10000012,881,Essex,z,,z,10,0.5942,z,820,21.0743,2,6,0,1683,0,0,0,0,9,4,6,250,6,20,36,z,148,64,z,z,z,13,44,z,2,4,606,15,0.9311,z,3891,319,497,2255,0,z,z,z,z,1673,1683,99.41,15,0.9317,z,0,47,12,247,0,177,229,z,z,z,z,z,z,z,1611,z,1610,226,,z
2023,Calendar year,Local authority,E92000001,England,E12000008,South East,E06000060,825,Buckinghamshire,z,,z,0,0,z,464,29.423,2,0,0,955,101,0,0,0,13,6,8,54,0,21,12,z,71,45,z,z,z,8,50,z,0,0,288,434,46.7169,z,1577,94,9,1010,0,z,z,z,z,955,955,100,429,48.9726,z,0,41,45,93,101,87,48,z,z,z,z,z,z,z,929,z,876,130,,z
2023,Calendar year,Local authority,E92000001,England,E12000006,East of England,E06000033,882,Southend-on-Sea,z,,z,7,2.682,z,120,23.2108,1,3,0,261,2,0,0,135,7,0,2,24,0,22,8,z,28,20,z,z,z,4,5,z,0,0,120,9,3.75,z,517,61,5,331,0,z,z,z,z,254,261,97.32,9,3.7657,z,0,1,4,19,137,5,12,z,z,z,z,z,z,z,240,z,239,7,,z
2023,Calendar year,Local authority,E92000001,England,E12000005,West Midlands,E10000034,885,Worcestershire,z,,z,49,3.8492,z,276,19.18,3,1,0,1273,8,0,4,1,1,24,5,14,0,159,8,z,40,20,z,z,z,3,6,z,0,0,280,318,27.5325,z,1439,136,3,1024,1,z,z,z,z,1224,1273,96.15,316,27.6708,z,7,19,5,23,19,63,17,z,z,z,z,z,z,z,1155,z,1142,85,,z
2023,Calendar year,Local authority,E92000001,England,E12000001,North East,E08000024,394,Sunderland,z,,z,25,6.9832,z,267,44.1322,1,1,0,358,3,0,11,138,1,0,1,0,0,39,0,z,13,8,z,z,z,1,10,z,0,0,73,185,59.8706,z,605,43,11,284,0,z,z,z,z,333,358,93.02,172,60.9929,z,123,7,2,48,232,160,45,z,z,z,z,z,z,z,309,z,282,168,,z
2023,Calendar year,Local authority,E92000001,England,E12000005,West Midlands,E06000019,884,"Herefordshire, County of",z,,z,1,0.3401,z,85,21.197,0,1,0,294,8,0,0,0,2,1,2,3,0,33,1,z,29,12,z,z,z,4,15,z,0,0,102,222,77.0833,z,401,38,0,278,0,z,z,z,z,293,294,99.66,222,77.0833,z,0,0,8,15,8,2,6,z,z,z,z,z,z,z,288,z,288,2,,z
2023,Calendar year,Local authority,E92000001,England,E12000005,West Midlands,E08000030,335,Walsall,z,,z,37,2.9671,z,285,22.619,15,3,0,1247,27,0,0,0,5,20,5,0,0,10,1,z,98,32,z,z,z,0,0,z,1,0,172,711,60.2032,z,1260,11,1,963,0,z,z,z,z,1210,1247,97.03,708,60.2041,z,0,14,3,10,27,86,4,z,z,z,z,z,z,z,1181,z,1176,115,,z
2023,Calendar year,Local authority,E92000001,England,E12000007,London,E09000014,309,Haringey,z,,z,15,4.9834,z,249,35.9827,17,10,0,301,38,0,0,195,7,3,2,36,0,1,25,z,40,54,z,z,z,0,42,z,19,99,328,220,97.7778,z,692,19,0,424,0,z,z,z,z,286,301,95.02,217,97.7477,z,0,5,2,31,233,28,19,z,z,z,z,z,z,z,225,z,222,50,,z
2023,Calendar year,Local authority,E92000001,England,E12000008,South East,E06000040,868,Windsor and Maidenhead,z,,z,1,0.7407,z,103,45.1754,0,6,0,135,4,0,0,0,1,1,1,34,0,8,11,z,23,15,z,z,z,0,22,z,0,0,116,122,95.3125,z,228,1,0,124,0,z,z,z,z,134,135,99.26,122,95.3125,z,0,1,5,23,4,5,12,z,z,z,z,z,z,z,128,z,128,6,,z
2023,Calendar year,Local authority,E92000001,England,E12000002,North West,E08000008,357,Tameside,z,,z,2,0.2933,z,1,0.1192,1,2,0,682,32,0,0,48,2,1,2,2,0,3,2,z,47,25,z,z,z,1,3,z,0,0,88,366,53.9823,z,839,81,79,678,0,z,z,z,z,680,682,99.71,352,57.2358,z,0,5,9,15,80,36,4,z,z,z,z,z,z,z,678,z,615,42,,z
2023,Calendar year,Local authority,E92000001,England,E12000009,South West,E06000023,801,"Bristol, City of",z,,z,50,6.1881,z,244,20.5214,13,5,0,808,59,11,11,163,6,2,4,129,0,0,12,z,68,32,z,z,z,0,12,z,0,0,265,397,56.9584,z,1189,81,2,862,1,z,z,z,z,758,808,93.81,396,57.1429,z,67,0,0,11,244,27,6,z,z,z,z,z,z,z,697,z,693,40,,z
2023,Calendar year,Local authority,E92000001,England,E12000007,London,E09000008,306,Croydon,z,,z,4,0.5739,z,170,18.4783,1,0,0,697,16,0,0,0,17,16,5,7,0,55,20,z,136,72,z,z,z,1,33,z,0,0,362,570,82.4891,z,920,95,2,653,0,z,z,z,z,693,697,99.43,569,82.4638,z,0,11,12,32,16,28,20,z,z,z,z,z,z,z,691,z,690,40,,z
2023,Calendar year,Local authority,E92000001,England,E12000002,North West,E10000017,888,Lancashire,z,,z,3,0.1852,z,177,6.9141,5,16,0,1620,33,2,227,203,0,33,3,9,0,258,9,z,113,47,z,z,z,8,26,z,0,0,506,1242,80.4404,z,2560,13,0,2370,7,z,z,z,z,1617,1620,99.81,1225,80.2227,z,0,16,20,88,466,135,52,z,z,z,z,z,z,z,1544,z,1527,156,,z
2023,Calendar year,Local authority,E92000001,England,E12000005,West Midlands,E06000020,894,Telford and Wrekin,z,,z,8,2.5078,z,106,21.2851,2,0,0,319,4,0,3,111,2,0,5,5,0,112,1,z,22,16,z,z,z,0,1,z,0,0,164,264,85.7143,z,498,14,6,372,0,z,z,z,z,311,319,97.49,255,98.0769,z,62,3,21,31,180,11,10,z,z,z,z,z,z,z,308,z,260,16,,z
2023,Calendar year,Local authority,E92000001,England,E12000003,Yorkshire and The Humber,E08000035,383,Leeds,z,,z,33,3.3673,z,274,18.3033,15,15,38,1018,26,0,0,0,6,95,11,40,0,353,49,z,79,53,z,z,z,3,5,z,0,1,695,77,8.3514,z,1497,192,24,1007,2,z,z,z,z,947,980,96.63,77,8.3514,z,0,17,37,74,26,37,22,z,z,z,z,z,z,z,922,z,922,69,,z
2023,Calendar year,Local authority,E92000001,England,E12000004,East Midlands,E06000015,831,Derby,z,,z,56,9.1354,z,183,23.6129,10,15,0,613,131,0,21,108,2,1,3,8,0,201,1,z,42,22,z,z,z,0,1,z,0,1,282,118,22.5621,z,775,149,0,443,0,z,z,z,z,557,613,90.86,118,26.8182,z,11,3,4,35,270,8,16,z,z,z,z,z,z,z,523,z,440,21,,z
2023,Calendar year,Local authority,E92000001,England,E12000003,Yorkshire and The Humber,E06000011,811,East Riding of Yorkshire,z,,z,43,7.7199,z,144,21.3018,17,5,0,557,18,2,9,176,3,18,4,58,0,70,12,z,57,44,z,z,z,2,3,z,0,0,271,472,98.7448,z,676,40,0,492,0,z,z,z,z,514,557,92.28,472,98.7448,z,117,0,0,6,315,43,1,z,z,z,z,z,z,z,478,z,478,60,,z
2023,Calendar year,Local authority,E92000001,England,E12000007,London,E09000013,205,Hammersmith and Fulham,z,,z,12,5.3333,z,103,31.1178,1,3,0,225,48,0,124,49,13,3,1,14,0,7,11,z,24,11,z,z,z,1,4,z,0,0,89,171,80.6604,z,331,14,1,213,0,z,z,z,z,213,225,94.67,171,81.0427,z,4,0,0,8,61,2,5,z,z,z,z,z,z,z,212,z,211,3,,z
2023,Calendar year,Local authority,E92000001,England,E12000006,East of England,E10000015,919,Hertfordshire,z,,z,80,5.3763,z,832,29.2032,4,22,0,1488,36,3,34,757,142,16,7,21,0,216,22,z,4,3,z,z,z,5,13,z,4,4,457,566,41.526,z,2849,286,9,1722,11,z,z,z,z,1408,1488,94.62,525,40.1991,z,130,3,0,179,679,19,157,z,z,z,z,z,z,z,1363,z,1306,26,,z
2023,Calendar year,Local authority,E92000001,England,E12000007,London,E09000031,320,Waltham Forest,z,,z,46,6.1662,z,135,15.4994,2,2,0,746,7,2,1,0,1,0,4,34,0,48,34,z,82,37,z,z,z,1,4,z,0,0,245,622,89.4964,z,871,0,3,733,0,z,z,z,z,700,746,93.83,621,90.6569,z,10,0,0,13,22,11,11,z,z,z,z,z,z,z,695,z,685,13,,z
2023,Calendar year,Local authority,E92000001,England,E12000004,East Midlands,E06000017,857,Rutland,z,,z,2,4.0816,z,0,0,0,4,0,49,9,0,0,0,0,4,0,1,0,20,0,z,7,3,z,z,z,1,1,z,1,0,38,24,61.5385,z,79,0,0,79,0,z,z,z,z,47,49,95.92,23,65.7143,z,0,1,1,5,9,0,0,z,z,z,z,z,z,z,39,z,35,1,,z
2023,Calendar year,Local authority,E92000001,England,E12000004,East Midlands,E06000061,940,North Northamptonshire,z,,z,44,7.1082,z,220,20.6573,16,41,0,619,0,0,0,0,2,29,2,37,0,151,22,z,93,29,z,z,z,0,8,z,2,3,378,382,70.61,z,1065,107,0,738,0,z,z,z,z,575,619,92.89,379,73.5922,z,1,10,27,110,5,41,42,z,z,z,z,z,z,z,541,z,515,67,,z
2023,Calendar year,Local authority,E92000001,England,E12000002,North West,E08000007,356,Stockport,z,,z,8,1.8141,z,106,13.4177,4,1,0,441,12,1,5,139,14,5,2,39,0,81,26,z,48,43,z,z,z,0,3,z,0,0,261,41,9.7852,z,790,62,0,622,0,z,z,z,z,433,441,98.19,41,9.8558,z,0,1,2,5,157,34,2,z,z,z,z,z,z,z,419,z,416,39,,z
2023,Calendar year,Local authority,E92000001,England,E12000005,West Midlands,E10000031,937,Warwickshire,z,,z,12,1.5727,z,697,34.7285,1,2,3,766,8,0,10,268,0,2,6,0,0,195,2,z,6,16,z,z,z,0,0,z,2,2,231,238,42.9603,z,2007,255,9,1046,0,z,z,z,z,751,763,98.43,237,42.9348,z,0,2,21,130,286,251,107,z,z,z,z,z,z,z,554,z,552,254,,z
2023,Calendar year,Local authority,E92000001,England,E12000001,North East,E08000021,391,Newcastle upon Tyne,z,,z,41,7.7947,z,89,13.7984,6,2,0,526,7,3,22,163,2,2,4,10,0,93,9,z,35,9,z,z,z,0,39,z,0,0,203,31,6.4583,z,645,21,0,535,0,z,z,z,z,485,526,92.21,31,6.4718,z,9,5,1,5,199,5,2,z,z,z,z,z,z,z,480,z,479,16,,z
2023,Calendar year,Local authority,E92000001,England,E12000008,South East,E06000043,846,Brighton and Hove,z,,z,19,5.2198,z,181,37.0902,7,7,0,364,17,1,0,0,5,13,1,54,0,49,13,z,35,24,z,z,z,0,33,z,0,0,227,244,76.7296,z,488,80,5,222,0,z,z,z,z,345,364,94.78,244,80.5281,z,5,3,10,36,18,28,19,z,z,z,z,z,z,z,318,z,303,38,,z
2023,Calendar year,Local authority,E92000001,England,E12000007,London,E09000011,203,Greenwich,z,,z,37,8.204,z,93,12.9707,14,11,0,451,5,0,10,279,2,10,1,2,0,95,5,z,44,19,z,z,z,2,0,z,0,0,180,224,55.4455,z,717,88,1,535,0,z,z,z,z,414,451,91.8,195,63.5179,z,63,1,13,37,294,18,13,z,z,z,z,z,z,z,404,z,307,33,,z
2023,Calendar year,Local authority,E92000001,England,E12000004,East Midlands,E10000019,925,Lincolnshire,z,,z,52,4.8417,z,645,38.0756,12,5,0,1074,29,0,0,0,3,23,6,25,0,302,14,z,97,62,z,z,z,6,21,z,0,0,559,870,99.5423,z,1694,64,4,981,0,z,z,z,z,1022,1074,95.16,870,99.5423,z,0,14,7,40,29,172,28,z,z,z,z,z,z,z,874,z,874,198,,z
2023,Calendar year,Local authority,E92000001,England,E12000003,Yorkshire and The Humber,E08000016,370,Barnsley,z,,z,54,12.5581,z,306,47.0769,40,2,0,430,6,2,12,163,0,1,0,40,0,59,16,z,36,17,z,z,z,3,3,z,0,0,175,250,92.9368,z,650,36,0,308,0,z,z,z,z,376,430,87.44,210,91.7031,z,4,7,1,6,5,135,3,z,z,z,z,z,z,z,269,z,229,182,,z
2023,Calendar year,Local authority,E92000001,England,E12000002,North West,E08000010,359,Wigan,z,,z,0,0,z,163,21.8206,14,6,0,489,0,0,0,273,3,0,1,35,0,50,9,z,33,16,z,z,z,2,10,z,1,26,186,261,58.7838,z,747,32,0,552,0,z,z,z,z,489,489,100,259,64.4279,z,0,4,0,17,273,67,11,z,z,z,z,z,z,z,444,z,402,85,,z
2023,Calendar year,Local authority,E92000001,England,E12000003,Yorkshire and The Humber,E06000065,815,North Yorkshire,z,,z,108,14.6739,z,41,3.1155,7,0,18,754,12,4,15,260,7,2,4,22,0,52,11,z,84,26,z,z,z,4,10,z,0,6,228,275,44.9346,z,1316,104,218,953,0,z,z,z,z,628,736,85.33,274,44.8445,z,2,21,39,51,293,40,12,z,z,z,z,z,z,z,612,z,611,68,,z
2023,Calendar year,Local authority,E92000001,England,E12000003,Yorkshire and The Humber,E06000012,812,North East Lincolnshire,z,,z,38,9.8958,z,82,19.3853,8,1,0,384,2,0,1,49,1,3,2,5,0,54,1,z,15,15,z,z,z,2,1,z,0,0,99,145,43.0267,z,423,32,0,309,0,z,z,z,z,346,384,90.1,111,38.676,z,1,4,0,1,53,1,0,z,z,z,z,z,z,z,337,z,287,13,,z
2023,Calendar year,Local authority,E92000001,England,E12000007,London,E09000009,307,Ealing,z,,z,9,1.4446,z,247,28.8215,0,2,15,638,8,0,1,82,24,78,4,39,0,44,30,z,84,55,z,z,z,7,35,z,0,0,400,493,82.5796,z,857,83,22,505,4,z,z,z,z,614,623,98.56,493,83.4179,z,0,0,10,27,74,5,15,z,z,z,z,z,z,z,597,z,591,5,,z
2023,Calendar year,Local authority,E92000001,England,E12000009,South West,E06000054,865,Wiltshire,z,,z,37,3.903,z,144,11.9701,25,9,0,948,94,0,0,0,0,0,4,44,0,161,27,z,65,27,z,z,z,6,18,z,0,0,352,233,27.5089,z,1203,72,7,980,0,z,z,z,z,911,948,96.1,233,27.5089,z,2,58,26,40,94,36,5,z,z,z,z,z,z,z,847,z,847,119,,z
2023,Calendar year,Local authority,E92000001,England,E12000003,Yorkshire and The Humber,E06000014,816,York,z,,z,16,7.3394,z,136,37.4656,7,6,0,218,20,0,0,0,1,3,1,13,0,42,2,z,14,12,z,z,z,0,3,z,0,0,91,180,96.2567,z,363,25,4,198,0,z,z,z,z,202,218,92.66,179,96.2366,z,0,1,1,11,20,35,4,z,z,z,z,z,z,z,187,z,186,43,,z
2023,Calendar year,Local authority,E92000001,England,E12000002,North West,E08000012,341,Liverpool,z,,z,44,3.6484,z,608,30.5989,19,8,0,1206,2,0,0,0,5,15,9,1,0,209,2,z,96,53,z,z,z,2,3,z,0,0,395,1130,98.6038,z,1987,96,8,1275,0,z,z,z,z,1162,1206,96.35,1126,98.7719,z,0,12,0,27,2,90,19,z,z,z,z,z,z,z,1146,z,1140,121,,z
2023,Calendar year,Local authority,E92000001,England,E12000002,North West,E06000064,943,Westmorland and Furness,z,,z,15,4.0761,z,73,16.1863,4,1,0,368,1,0,2,194,1,0,0,5,0,115,2,z,15,5,z,z,z,2,16,z,0,0,161,199,56.8571,z,451,18,0,360,0,z,z,z,z,353,368,95.92,173,55.2716,z,0,0,0,1,197,7,0,z,z,z,z,z,z,z,350,z,313,11,,z
2023,Calendar year,Local authority,E92000001,England,E12000002,North West,E06000007,877,Warrington,z,,z,22,5.5416,z,66,12.3134,9,0,0,397,8,4,8,161,0,3,2,29,0,63,15,z,3,6,z,z,z,0,2,z,0,0,123,111,30.3279,z,536,2,0,468,0,z,z,z,z,375,397,94.46,111,30.411,z,8,12,0,0,181,21,0,z,z,z,z,z,z,z,366,z,365,42,,z
2023,Calendar year,Local authority,E92000001,England,E12000007,London,E09000015,310,Harrow,z,,z,10,2.5381,z,80,15.0376,1,1,0,394,0,0,0,0,15,8,3,13,0,38,19,z,67,23,z,z,z,0,1,z,0,0,187,86,22.5131,z,532,47,1,404,0,z,z,z,z,384,394,97.46,67,21.2025,z,0,0,0,4,0,10,3,z,z,z,z,z,z,z,382,z,316,11,,z
2023,Calendar year,Local authority,E92000001,England,E12000005,West Midlands,E06000021,861,Stoke-on-Trent,z,,z,9,2.1531,z,156,22.8404,12,14,0,418,10,0,0,0,1,2,4,49,0,98,13,z,60,38,z,z,z,4,50,z,0,0,319,184,48.5488,z,683,10,0,517,0,z,z,z,z,409,418,97.85,184,48.9362,z,3,8,0,21,13,50,7,z,z,z,z,z,z,z,379,z,376,70,,z
2023,Calendar year,Local authority,E92000001,England,E12000002,North West,E08000001,350,Bolton,z,,z,6,0.9375,z,55,7.6816,6,3,0,640,3,1,7,111,3,0,3,22,0,118,7,z,52,25,z,z,z,1,9,z,0,0,240,277,43.9683,z,716,17,66,578,0,z,z,z,z,634,640,99.06,276,46.3087,z,6,2,2,6,126,5,1,z,z,z,z,z,z,z,630,z,596,13,,z
2023,Calendar year,Local authority,E92000001,England,E12000008,South East,E10000030,936,Surrey,z,,z,204,9.2601,z,974,33.0506,74,51,0,2203,50,2,3,0,32,63,10,42,0,427,37,z,182,80,z,z,z,7,32,z,0,1,913,309,16.1611,z,2947,70,16,1887,0,z,z,z,z,1999,2203,90.74,309,16.1695,z,7,87,128,401,58,350,222,z,z,z,z,z,z,z,1912,z,1911,511,,z
2023,Calendar year,Local authority,E92000001,England,E12000006,East of England,E06000032,821,Luton,z,,z,3,0.5814,z,89,13.6503,6,4,0,516,5,0,0,0,6,0,2,10,0,56,8,z,60,26,z,z,z,0,6,z,0,0,174,158,31.2871,z,652,68,2,493,0,z,z,z,z,513,516,99.42,157,32.1063,z,0,4,1,19,6,21,14,z,z,z,z,z,z,z,505,z,489,31,,z
2023,Calendar year,Local authority,E92000001,England,E12000002,North West,E06000049,895,Cheshire East,z,,z,83,10.0606,z,256,26.6112,14,14,0,825,14,1,11,145,1,0,5,53,0,67,17,z,48,34,z,z,z,3,18,z,0,0,246,398,66.3333,z,962,47,0,659,0,z,z,z,z,742,825,89.94,379,67.7996,z,0,0,27,53,171,134,12,z,z,z,z,z,z,z,600,z,559,148,,z
2023,Calendar year,Local authority,E92000001,England,E12000004,East Midlands,E06000018,892,Nottingham,z,,z,24,6.7039,z,104,20.9677,6,2,0,358,3,0,25,207,3,2,0,7,0,33,4,z,38,23,z,z,z,0,19,z,0,0,129,224,67.0659,z,496,42,0,350,0,z,z,z,z,334,358,93.3,224,67.0659,z,13,2,8,17,350,15,7,z,z,z,z,z,z,z,334,z,334,23,,z
2023,Calendar year,Local authority,E92000001,England,E12000006,East of England,E06000055,822,Bedford,z,,z,0,0,z,70,17.6768,0,0,0,340,4,0,0,0,1,0,1,7,0,35,6,z,21,3,z,z,z,2,0,z,0,0,76,299,88.724,z,396,0,0,326,0,z,z,z,z,340,340,100,298,90.0302,z,0,12,7,16,4,17,9,z,z,z,z,z,z,z,337,z,331,29,,z
2023,Calendar year,Local authority,E92000001,England,E12000009,South West,E06000059,838,Dorset,z,,z,64,9.8613,z,189,22.5806,6,5,0,649,0,0,80,0,4,5,3,76,0,104,30,z,43,32,z,z,z,4,34,z,0,0,335,342,60.2113,z,837,28,0,620,1,z,z,z,z,585,649,90.14,342,60.2113,z,1,2,5,12,83,8,2,z,z,z,z,z,z,z,568,z,568,16,,z
2023,Calendar year,Local authority,E92000001,England,E12000007,London,E09000007,202,Camden,z,,z,17,8.3744,z,13,5.5085,1,2,0,203,4,0,0,0,10,1,0,17,0,20,21,z,21,3,z,z,z,3,21,z,0,0,117,177,96.7213,z,236,16,2,205,0,z,z,z,z,186,203,91.63,173,96.648,z,0,1,12,18,4,0,4,z,z,z,z,z,z,z,183,z,179,2,,z
2023,Calendar year,Local authority,E92000001,England,E12000003,Yorkshire and The Humber,E08000018,372,Rotherham,z,,z,25,4.8263,z,192,25.7718,9,0,2,520,8,7,7,85,1,15,0,37,0,85,12,z,41,24,z,z,z,3,24,z,0,0,242,365,76.6807,z,745,3,0,550,0,z,z,z,z,493,518,95.17,363,76.7442,z,107,20,18,22,107,102,4,z,z,z,z,z,z,z,476,z,473,131,,z
2023,Calendar year,Local authority,E92000001,England,E12000009,South West,E06000025,803,South Gloucestershire,z,,z,6,1.3483,z,211,33.8141,6,1,0,445,17,0,0,0,2,13,3,18,0,299,18,z,36,31,z,z,z,2,4,z,0,0,426,176,42.2062,z,624,29,0,384,0,z,z,z,z,439,445,98.65,165,43.0809,z,0,17,15,28,17,59,12,z,z,z,z,z,z,z,417,z,383,82,,z
2023,Calendar year,Local authority,E92000001,England,E12000007,London,E09000026,317,Redbridge,z,,z,15,4.8544,z,80,15.2672,15,1,2,311,0,0,0,0,7,1,2,2,0,1,3,z,100,44,z,z,z,4,14,z,0,0,178,216,75.7895,z,524,24,14,406,0,z,z,z,z,294,309,95.15,207,76.3838,z,0,0,0,2,93,25,1,z,z,z,z,z,z,z,285,z,271,40,,z
2023,Calendar year,Local authority,E92000001,England,E12000002,North West,E08000015,344,Wirral,z,,z,12,1.1029,z,91,6.8679,1,2,0,1088,0,0,0,0,0,291,3,1,0,0,2,z,10,11,z,z,z,0,0,z,1,323,642,347,32.4602,z,1325,113,8,1113,0,z,z,z,z,1076,1088,98.9,347,32.5211,z,0,2,3,5,4,12,0,z,z,z,z,z,z,z,1069,z,1067,15,,z
2023,Calendar year,Local authority,E92000001,England,E12000001,North East,E06000002,806,Middlesbrough,z,,z,3,0.6977,z,111,21.2237,0,0,0,430,4,12,6,33,1,5,0,7,0,71,8,z,47,11,z,z,z,3,15,z,0,0,168,412,96.7136,z,523,39,28,345,0,z,z,z,z,427,430,99.3,399,96.8447,z,0,1,3,5,10,6,2,z,z,z,z,z,z,z,426,z,412,7,,z
2023,Calendar year,Local authority,E92000001,England,E12000009,South West,E06000066,933,Somerset,z,,z,25,3.5817,z,425,37.9126,6,1,0,698,24,0,1,91,3,8,3,15,0,29,2,z,88,39,z,z,z,1,1,z,0,5,194,259,42.0455,z,1121,37,33,626,1,z,z,z,z,673,698,96.42,259,42.1138,z,8,16,5,93,122,134,87,z,z,z,z,z,z,z,616,z,615,156,,z
2023,Calendar year,Local authority,E92000001,England,E12000001,North East,E08000023,393,South Tyneside,z,,z,38,14.1791,z,123,34.5506,4,8,0,268,0,0,0,0,0,0,0,20,0,60,11,z,18,7,z,z,z,1,32,z,0,0,149,150,65.7895,z,356,19,0,214,0,z,z,z,z,230,268,85.82,147,74.6193,z,0,2,8,28,0,10,12,z,z,z,z,z,z,z,228,z,197,16,,z
2023,Calendar year,Local authority,E92000001,England,E12000009,South West,E06000026,879,Plymouth,z,,z,1,0.25,z,0,0,0,0,0,400,0,0,0,0,0,0,1,0,0,0,0,z,0,0,z,z,z,0,0,z,0,0,1,63,17.7966,z,895,260,180,455,0,z,z,z,z,399,400,99.75,63,17.7966,z,0,0,0,0,0,71,0,z,z,z,z,z,z,z,354,z,354,71,,z
2023,Calendar year,Local authority,E92000001,England,E12000005,West Midlands,E08000029,334,Solihull,z,,z,26,7.855,z,186,39.9142,17,10,0,331,11,0,0,0,0,2,3,31,0,131,30,z,41,33,z,z,z,0,4,z,0,0,275,232,89.9225,z,466,21,3,256,0,z,z,z,z,305,331,92.15,157,99.3671,z,4,0,0,23,15,72,13,z,z,z,z,z,z,z,258,z,158,89,,z
2023,Calendar year,Local authority,E92000001,England,E12000007,London,E09000020,207,Kensington and Chelsea,z,,z,2,1.9231,z,35,28.4553,2,1,0,104,12,1,2,61,9,7,0,8,0,10,8,z,14,7,z,z,z,1,8,z,0,0,72,92,98.9247,z,123,7,0,81,0,z,z,z,z,102,104,98.08,88,98.8764,z,0,0,2,8,27,9,5,z,z,z,z,z,z,z,93,z,89,11,,z
2023,Calendar year,Local authority,E92000001,England,E12000008,South East,E10000014,850,Hampshire,z,,z,201,7.4444,z,912,26.1693,39,40,0,2700,44,0,0,0,10,93,9,114,0,330,61,z,145,72,z,z,z,19,492,z,0,0,1345,1777,75.3924,z,3485,115,16,2442,0,z,z,z,z,2499,2700,92.56,1777,75.3924,z,22,55,151,280,51,92,89,z,z,z,z,z,z,z,2357,z,2357,186,,z
2023,Calendar year,Local authority,E92000001,England,E12000003,Yorkshire and The Humber,E08000032,380,Bradford,z,,z,55,4.523,z,677,29.3455,31,10,0,1216,2,0,0,0,7,7,14,0,0,0,1,z,88,42,z,z,z,1,165,z,0,0,325,817,71.3537,z,2307,186,96,1348,0,z,z,z,z,1161,1216,95.48,817,71.3537,z,1,28,2,66,3,399,54,z,z,z,z,z,z,z,1145,z,1145,458,,z
2023,Calendar year,Local authority,E92000001,England,E12000001,North East,E06000047,840,County Durham,z,,z,45,7.2231,z,271,26.0077,12,12,10,633,18,0,0,0,0,7,5,47,0,109,22,z,55,30,z,z,z,2,21,z,0,0,298,10,1.8051,z,1042,33,0,738,0,z,z,z,z,578,623,92.78,10,1.9194,z,0,0,0,17,18,64,5,z,z,z,z,z,z,z,554,z,521,76,,z
2023,Calendar year,Local authority,E92000001,England,E12000001,North East,E06000003,807,Redcar and Cleveland,z,,z,16,9.9379,z,73,29.3173,6,3,0,161,4,14,6,67,0,2,1,19,0,122,21,z,20,10,z,z,z,3,22,z,0,0,220,67,47.8571,z,249,15,1,160,0,z,z,z,z,145,161,90.06,62,48.4375,z,0,1,3,11,7,14,5,z,z,z,z,z,z,z,140,z,128,21,,z
2023,Calendar year,Local authority,E92000001,England,E12000005,West Midlands,E08000026,331,Coventry,z,,z,3,0.5464,z,230,24.8918,0,1,0,549,8,0,3,92,6,3,4,21,0,80,5,z,49,29,z,z,z,1,41,z,0,0,239,191,35.1103,z,924,136,23,535,0,z,z,z,z,546,549,99.45,171,35.6994,z,28,0,3,11,131,12,7,z,z,z,z,z,z,z,544,z,479,12,,z
2023,Calendar year,Local authority,E92000001,England,E12000007,London,E09000029,319,Sutton,z,,z,31,7.7889,z,153,25.8446,12,10,0,398,17,0,0,0,4,0,1,3,0,69,6,z,29,22,z,z,z,2,19,z,0,0,155,327,92.6346,z,592,8,1,430,0,z,z,z,z,367,398,92.21,326,92.8775,z,0,7,11,54,17,30,33,z,z,z,z,z,z,z,353,z,351,49,,z
2023,Calendar year,Local authority,E92000001,England,E12000002,North West,E06000006,876,Halton,z,,z,19,6.4189,z,164,40.0978,10,2,0,296,3,3,10,243,0,1,0,13,0,36,1,z,16,9,z,z,z,0,3,z,0,0,79,67,29.0043,z,409,42,0,203,0,z,z,z,z,277,296,93.58,54,26.3415,z,0,0,1,9,259,59,6,z,z,z,z,z,z,z,231,z,205,69,,z
2023,Calendar year,Local authority,E92000001,England,E12000004,East Midlands,E06000062,941,West Northamptonshire,z,,z,14,2.1705,z,336,29.9199,5,4,0,645,14,0,0,0,1,0,2,65,0,89,26,z,55,23,z,z,z,2,41,z,0,1,305,35,5.6,z,1123,69,0,718,0,z,z,z,z,631,645,97.83,33,6.1682,z,0,13,37,55,14,50,14,z,z,z,z,z,z,z,625,z,535,68,,z
2023,Calendar year,Local authority,E92000001,England,E12000001,North East,E06000057,929,Northumberland,z,,z,3,0.5042,z,111,13.1829,1,1,0,595,17,0,1,187,0,2,4,23,0,114,11,z,33,15,z,z,z,1,25,z,0,3,231,241,40.9864,z,842,43,18,670,0,z,z,z,z,592,595,99.5,228,41.6058,z,0,29,0,5,205,37,4,z,z,z,z,z,z,z,588,z,548,67,,z
2023,Calendar year,Local authority,E92000001,England,E12000007,London,E09000033,213,Westminster,z,,z,8,4.4944,z,53,25,0,4,0,178,13,3,6,93,14,5,1,14,0,26,14,z,27,15,z,z,z,2,13,z,0,0,131,162,99.3865,z,212,7,0,152,0,z,z,z,z,170,178,95.51,154,99.3548,z,0,1,4,16,24,0,8,z,z,z,z,z,z,z,163,z,155,1,,z
2023,Calendar year,Local authority,E92000001,England,E12000006,East of England,E10000003,873,Cambridgeshire,z,,z,51,5.0098,z,261,15.3349,20,12,0,1018,26,0,9,779,14,46,7,33,0,157,27,z,67,22,z,z,z,6,2,z,0,0,381,400,45.2489,z,1702,201,3,1237,0,z,z,z,z,967,1018,94.99,389,64.9416,z,307,29,28,59,975,80,19,z,z,z,z,z,z,z,884,z,599,129,,z
2023,Calendar year,Local authority,E92000001,England,E12000007,London,E09000032,212,Wandsworth,z,,z,6,1.5,z,119,23.1068,3,3,0,400,10,2,3,73,11,15,3,8,0,58,41,z,87,29,z,z,z,6,13,z,0,0,271,359,98.8981,z,515,44,4,348,0,z,z,z,z,394,400,98.5,359,99.7222,z,0,6,2,15,87,29,10,z,z,z,z,z,z,z,363,z,360,38,,z
2023,Calendar year,Local authority,E92000001,England,E12000006,East of England,E06000056,823,Central Bedfordshire,z,,z,20,2.5907,z,145,15.9516,13,6,0,772,7,0,7,91,0,1,0,25,0,44,11,z,58,26,z,z,z,0,15,z,0,0,180,198,27.4619,z,909,78,4,682,0,z,z,z,z,752,772,97.41,195,33.4477,z,10,0,25,43,105,3,12,z,z,z,z,z,z,z,721,z,583,16,,z
2023,Calendar year,Local authority,E92000001,England,E12000009,South West,E06000052,908,Cornwall,z,,z,0,0,z,321,27.3657,0,10,21,570,74,0,0,0,3,12,3,59,0,155,18,z,23,18,z,z,z,0,19,z,0,0,310,9,1.7176,z,1173,171,5,676,0,z,z,z,z,549,549,100,8,1.636,z,0,0,2,22,74,22,10,z,z,z,z,z,z,z,524,z,489,22,,z
2023,Calendar year,Local authority,E92000001,England,E12000008,South East,E06000035,887,Medway,z,,z,33,7.971,z,138,14.3154,1,3,11,425,4,0,0,0,3,5,1,8,0,34,8,z,35,29,z,z,z,0,10,z,4,83,220,90,23.6842,z,964,248,5,573,2,z,z,z,z,381,414,92.03,89,26.0234,z,0,1,4,15,4,3,8,z,z,z,z,z,z,z,380,z,342,5,,z
2023,Calendar year,Local authority,E92000001,England,E12000002,North West,E08000003,352,Manchester,z,,z,80,4.7591,z,244,11.6579,16,3,0,1681,23,0,3,318,34,7,11,24,0,200,32,z,175,62,z,z,z,2,6,z,0,0,553,808,51.0101,z,2093,136,10,1703,0,z,z,z,z,1601,1681,95.24,804,61.6092,z,12,24,19,25,355,29,3,z,z,z,z,z,z,z,1584,z,1305,69,,z
2023,Calendar year,Local authority,E92000001,England,E12000007,London,E09000010,308,Enfield,z,,z,0,0,z,205,28.1593,5,5,33,521,11,0,0,0,12,4,0,13,0,30,8,z,31,10,z,z,z,1,12,z,0,0,121,457,95.6067,z,728,24,2,497,0,z,z,z,z,488,488,100,455,95.5882,z,0,2,3,25,11,13,17,z,z,z,z,z,z,z,478,z,476,20,,z
2023,Calendar year,Local authority,E92000001,England,E12000008,South East,E06000042,826,Milton Keynes,z,,z,35,9.6419,z,0,0,1,15,0,363,0,0,0,1,3,0,2,3,0,88,2,z,42,15,z,z,z,0,25,z,0,0,180,216,65.8537,z,761,298,4,459,0,z,z,z,z,328,363,90.36,207,66.1342,z,0,0,0,56,1,2,41,z,z,z,z,z,z,z,328,z,313,3,,z
2023,Calendar year,Local authority,E92000001,England,E12000003,Yorkshire and The Humber,E06000013,813,North Lincolnshire,z,,z,8,5,z,104,25.8065,0,0,0,160,2,9,4,58,2,0,0,5,0,81,2,z,17,12,z,z,z,0,0,z,0,0,119,45,30,z,403,64,0,235,0,z,z,z,z,152,160,95,45,30,z,4,2,0,5,69,11,5,z,z,z,z,z,z,z,150,z,150,13,,z
2023,Calendar year,Local authority,E92000001,England,E12000008,South East,E10000016,886,Kent,z,,z,164,7.6564,z,1244,31.1936,19,137,38,2180,34,0,0,0,26,162,20,245,0,619,115,z,194,102,z,z,z,28,62,z,2,426,2001,324,17.9601,z,3988,155,14,2575,0,z,z,z,z,1978,2142,92.34,324,18.0401,z,0,3,140,482,34,34,205,z,z,z,z,z,z,z,1804,z,1796,56,,z
2023,Calendar year,Local authority,E92000001,England,E12000008,South East,E06000039,871,Slough,z,,z,6,2.8846,z,50,12.0192,7,3,0,208,1,0,0,0,1,1,2,2,0,6,0,z,46,12,z,z,z,0,0,z,2,1,73,39,20.2073,z,416,86,1,279,0,z,z,z,z,202,208,97.12,34,18.4783,z,0,0,0,11,1,24,8,z,z,z,z,z,z,z,193,z,184,31,,z
2023,Calendar year,Local authority,E92000001,England,E12000002,North West,E06000009,890,Blackpool,z,,z,39,16.6667,z,38,10.585,18,3,5,239,6,1,1,58,1,0,2,4,0,42,3,z,40,29,z,z,z,3,3,z,0,1,128,165,84.6154,z,359,6,47,268,0,z,z,z,z,195,234,83.33,164,84.9741,z,0,8,2,5,66,5,0,z,z,z,z,z,z,z,195,z,193,31,,z
2023,Calendar year,Local authority,E92000001,England,E12000007,London,E09000005,304,Brent,z,,z,19,4,z,176,29.1874,5,6,27,502,13,0,2,235,27,70,2,33,0,251,26,z,100,43,z,z,z,0,7,z,0,0,559,144,37.5,z,603,37,6,384,0,z,z,z,z,456,475,96,135,38.1356,z,166,0,4,20,416,9,10,z,z,z,z,z,z,z,384,z,354,14,,z
2023,Calendar year,Local authority,E92000001,England,E12000002,North West,E08000002,351,Bury,z,,z,11,2.407,z,247,36.5926,2,3,0,457,29,11,5,72,0,5,3,15,0,85,12,z,22,14,z,z,z,1,14,z,0,0,171,323,74.0826,z,675,9,1,418,2,z,z,z,z,446,457,97.59,323,74.0826,z,48,5,11,20,165,40,6,z,z,z,z,z,z,z,436,z,436,47,,z
2023,Calendar year,Local authority,E92000001,England,E12000009,South West,E06000030,866,Swindon,z,,z,9,2.3622,z,211,32.7132,5,4,0,381,1,0,0,0,1,0,1,0,0,10,1,z,25,19,z,z,z,3,129,z,0,0,189,250,71.2251,z,645,35,15,384,0,z,z,z,z,372,381,97.64,238,73.6842,z,1,0,0,14,2,95,10,z,z,z,z,z,z,z,351,z,323,100,,z
2023,Calendar year,Local authority,E92000001,England,E12000002,North West,E08000011,340,Knowsley,z,,z,5,1.2225,z,153,26.5625,2,0,0,409,0,0,1,0,0,11,0,1,0,0,1,z,29,11,z,z,z,0,0,z,0,0,53,183,46.9231,z,576,23,0,400,0,z,z,z,z,404,409,98.78,183,46.9231,z,0,3,6,8,1,30,2,z,z,z,z,z,z,z,390,z,390,35,,z
2023,Calendar year,Local authority,E92000001,England,E12000004,East Midlands,E10000007,830,Derbyshire,z,,z,3,0.2111,z,301,14.9232,11,9,19,1440,14,0,2,229,1,7,6,32,0,73,14,z,76,49,z,z,z,1,27,z,0,0,286,302,23.0534,z,2017,186,2,1528,1,z,z,z,z,1418,1421,99.79,192,17.7943,z,0,111,90,163,245,102,64,z,z,z,z,z,z,z,1310,z,1079,224,,z
2023,Calendar year,Local authority,E92000001,England,E12000006,East of England,E10000020,926,Norfolk,z,,z,141,5.7062,z,430,17.5941,63,15,0,2471,4,19,8,1974,1,23,8,76,0,198,33,z,61,36,z,z,z,6,36,z,0,0,478,914,42.1976,z,2444,224,0,1790,0,z,z,z,z,2330,2471,94.29,848,42.5917,z,57,26,119,150,61,88,16,z,z,z,z,z,z,z,2166,z,1991,177,,z
2023,Calendar year,Local authority,E92000001,England,E12000009,South West,E06000022,800,Bath and North East Somerset,z,,z,38,10.3542,z,130,23.2143,11,5,0,367,83,3,9,84,0,1,0,6,0,27,1,z,29,7,z,z,z,1,0,z,2,0,74,117,36.9085,z,560,72,0,358,0,z,z,z,z,329,367,89.65,116,39.0572,z,0,9,8,16,179,9,3,z,z,z,z,z,z,z,317,z,297,29,,z
2023,Calendar year,Local authority,E92000001,England,E12000002,North West,E08000006,355,Salford,z,,z,3,0.5882,z,18,2.1583,4,4,0,510,0,0,0,44,2,4,0,5,0,5,3,z,44,14,z,z,z,4,92,z,0,0,173,223,46.1698,z,834,129,142,545,0,z,z,z,z,507,510,99.41,173,49.5702,z,31,15,19,35,75,62,12,z,z,z,z,z,z,z,483,z,349,81,,z
2023,Calendar year,Local authority,E92000001,England,E12000003,Yorkshire and The Humber,E08000017,371,Doncaster,z,,z,25,5.1867,z,248,35.2774,6,2,0,482,4,0,0,0,2,5,2,33,0,155,10,z,17,24,z,z,z,0,3,z,0,0,251,192,42.8571,z,703,44,0,411,0,z,z,z,z,457,482,94.81,184,43.3962,z,0,1,15,20,4,31,3,z,z,z,z,z,z,z,448,z,424,38,,z
2023,Calendar year,Local authority,E92000001,England,E12000002,North West,E08000005,354,Rochdale,z,,z,18,4.5685,z,143,23.366,0,2,0,394,10,1,2,188,2,1,0,7,0,75,9,z,46,109,z,z,z,0,1,z,0,0,250,134,44.5183,z,612,61,0,408,1,z,z,z,z,376,394,95.43,131,46.9534,z,4,8,6,14,201,100,6,z,z,z,z,z,z,z,301,z,279,108,,z
2023,Calendar year,Local authority,E92000001,England,E12000005,West Midlands,E08000031,336,Wolverhampton,z,,z,15,3.4014,z,79,13.9085,0,2,0,441,7,2,3,30,2,3,3,25,0,191,12,z,43,33,z,z,z,4,3,z,2,0,321,315,74.1176,z,568,22,2,465,0,z,z,z,z,426,441,96.6,291,75.7812,z,2,3,5,8,51,4,1,z,z,z,z,z,z,z,425,z,384,7,,z
2023,Calendar year,Local authority,E92000001,England,E12000007,London,E09000025,316,Newham,z,,z,2,0.4831,z,139,18.3862,1,1,0,414,8,0,0,50,0,20,1,5,0,124,11,z,17,4,z,z,z,0,22,z,0,0,204,322,79.5062,z,756,74,4,539,0,z,z,z,z,412,414,99.52,320,79.602,z,0,0,0,16,8,31,15,z,z,z,z,z,z,z,405,z,402,32,,z
2023,Calendar year,Local authority,E92000001,England,E12000002,North West,E06000008,889,Blackburn with Darwen,z,,z,0,0,z,39,12.6214,6,2,22,250,0,0,0,52,3,0,2,6,0,22,1,z,25,14,z,z,z,0,30,z,1,0,104,202,91.4027,z,309,11,1,258,0,z,z,z,z,228,228,100,202,91.4027,z,0,0,0,3,52,11,1,z,z,z,z,z,z,z,221,z,221,17,,z
2023,Calendar year,Local authority,E92000001,England,E12000007,London,E09000003,302,Barnet,z,,z,6,0.9217,z,221,22.4365,0,0,0,651,10,0,2,0,24,78,5,6,0,94,13,z,81,30,z,z,z,1,0,z,0,0,332,582,99.4872,z,985,65,3,696,0,z,z,z,z,645,651,99.08,451,100,z,19,0,0,61,19,0,61,z,z,z,z,z,z,z,585,z,451,0,,z
2023,Calendar year,Local authority,E92000001,England,E12000003,Yorkshire and The Humber,E08000033,381,Calderdale,z,,z,14,3.0043,z,69,13.0189,3,0,0,466,1,0,7,0,5,7,3,15,0,69,16,z,27,12,z,z,z,1,9,z,0,0,164,438,97.7679,z,530,7,0,454,0,z,z,z,z,452,466,97,438,97.7679,z,8,5,0,4,8,24,4,z,z,z,z,z,z,z,448,z,448,32,,z
2023,Calendar year,Local authority,E92000001,England,E12000008,South East,E06000037,869,West Berkshire,z,,z,0,0,z,108,26.5356,2,2,0,294,39,0,2,60,1,0,0,24,0,47,10,z,10,22,z,z,z,0,0,z,0,0,114,182,62.9758,z,407,47,0,252,0,z,z,z,z,294,294,100,181,73.8776,z,0,0,16,24,101,8,6,z,z,z,z,z,z,z,289,z,245,10,,z
2023,Calendar year,Local authority,E92000001,England,E12000008,South East,E06000045,852,Southampton,z,,z,0,0,z,74,12.1511,0,1,0,297,0,0,0,0,7,1,4,0,0,137,0,z,29,15,z,z,z,0,0,z,0,0,193,267,90.2027,z,609,146,93,296,0,z,z,z,z,297,297,100,267,100,z,0,0,1,46,0,0,44,z,z,z,z,z,z,z,296,z,267,0,,z
2023,Calendar year,Local authority,E92000001,England,E12000007,London,E09000002,301,Barking and Dagenham,z,,z,18,3.2727,z,75,14.0713,0,2,3,553,2,0,0,0,2,6,3,0,0,3,1,z,57,11,z,z,z,0,0,z,1,0,84,75,14.2315,z,533,76,0,382,1,z,z,z,z,532,550,96.73,75,14.4231,z,0,3,11,27,2,3,14,z,z,z,z,z,z,z,527,z,520,6,,z
2023,Calendar year,Local authority,E92000001,England,E12000002,North West,E08000009,358,Trafford,z,,z,30,5.5453,z,151,22.571,3,2,0,541,1,1,81,200,18,1,3,25,0,264,33,z,51,30,z,z,z,3,3,z,0,0,431,291,58.5513,z,669,31,0,487,0,z,z,z,z,511,541,94.45,262,62.381,z,44,3,0,5,283,35,3,z,z,z,z,z,z,z,497,z,420,41,,z
2023,Calendar year,Local authority,E92000001,England,E12000003,Yorkshire and The Humber,E08000034,382,Kirklees,z,,z,0,0,z,319,30.7618,1,1,12,606,2,0,0,0,2,18,7,21,0,133,12,z,35,23,z,z,z,3,34,z,0,0,288,77,13.0068,z,1037,91,20,607,0,z,z,z,z,594,594,100,77,13.0068,z,0,0,0,1,2,1,0,z,z,z,z,z,z,z,592,z,592,2,,z
2023,Calendar year,Local authority,E92000001,England,E12000001,North East,E08000037,390,Gateshead,z,,z,9,3.5156,z,164,38.1395,3,3,0,256,58,8,19,79,1,0,0,10,0,51,5,z,13,7,z,z,z,1,32,z,0,0,120,191,85.2679,z,430,13,0,253,0,z,z,z,z,247,256,96.48,173,86.9347,z,0,0,0,61,164,68,58,z,z,z,z,z,z,z,224,z,199,71,,z
2023,Calendar year,Local authority,E92000001,England,E12000008,South East,E10000011,845,East Sussex,z,,z,62,9.4656,z,456,41.0441,21,32,0,655,4,0,36,88,3,3,4,5,0,376,3,z,48,29,z,z,z,2,2,z,0,0,475,436,87.3747,z,1111,61,1,593,0,z,z,z,z,593,655,90.53,436,87.5502,z,114,18,39,167,199,96,96,z,z,z,z,z,z,z,499,z,498,135,,z
2023,Calendar year,Local authority,E92000001,England,E12000008,South East,E06000044,851,Portsmouth,z,,z,19,9.0047,z,97,18.3019,0,2,0,211,45,0,1,34,5,7,1,2,0,49,0,z,31,9,z,z,z,7,2,z,0,0,113,3,1.5625,z,530,112,3,318,0,z,z,z,z,192,211,91,3,1.5625,z,116,1,3,14,186,7,9,z,z,z,z,z,z,z,192,z,192,8,,z
2023,Calendar year,Local authority,E92000001,England,E12000004,East Midlands,E10000018,855,Leicestershire,z,,z,113,14.9077,z,250,17.7054,20,24,6,764,47,0,0,0,1,33,5,37,0,320,32,z,102,65,z,z,z,6,51,z,0,0,652,32,5.959,z,1412,181,3,978,0,z,z,z,z,645,758,85.09,32,5.959,z,2,13,31,87,49,54,32,z,z,z,z,z,z,z,537,z,537,87,,z
2023,Calendar year,Local authority,E92000001,England,E12000002,North West,E08000013,342,St. Helens,z,,z,3,0.9146,z,0,0,2,0,0,328,0,1,2,123,4,1,4,0,0,1,1,z,11,12,z,z,z,0,53,z,0,0,87,35,10.8025,z,551,122,14,415,0,z,z,z,z,325,328,99.09,35,10.8025,z,124,2,4,7,124,32,3,z,z,z,z,z,z,z,324,z,324,36,,z
2023,Calendar year,Local authority,E92000001,England,E12000005,West Midlands,E08000028,333,Sandwell,z,,z,2,0.4049,z,58,7.754,0,0,8,502,0,0,0,0,4,2,3,2,0,22,4,z,66,23,z,z,z,1,2,z,0,0,129,156,32.1649,z,748,110,20,560,0,z,z,z,z,492,494,99.6,132,35.2,z,0,0,0,0,0,0,0,z,z,z,z,z,z,z,485,z,375,0,,z
2023,Calendar year,Local authority,E92000001,England,E12000007,London,E09000018,313,Hounslow,z,,z,26,7.1429,z,188,32.8671,5,9,1,365,23,0,0,0,19,12,2,7,0,104,3,z,68,22,z,z,z,5,8,z,0,0,250,312,92.5816,z,572,49,15,320,0,z,z,z,z,338,364,92.86,284,94.0397,z,23,3,0,28,23,38,19,z,z,z,z,z,z,z,337,z,302,46,,z
2023,Calendar year,Local authority,E92000001,England,E12000008,South East,E10000032,938,West Sussex,z,,z,24,3.0809,z,717,36.8448,1,5,11,790,67,0,14,608,4,26,8,1,0,265,5,z,19,4,z,z,z,8,13,z,0,0,353,25,3.5714,z,1946,71,0,1158,0,z,z,z,z,755,779,96.92,25,3.5714,z,0,0,0,122,689,4,117,z,z,z,z,z,z,z,700,z,700,5,,z
2023,Calendar year,Local authority,E92000001,England,E12000007,London,E09000006,305,Bromley,z,,z,18,3.01,z,319,37.7962,5,1,0,598,11,0,4,0,0,0,1,0,0,70,3,z,9,0,z,z,z,4,0,z,0,0,87,165,28.5962,z,844,31,2,492,0,z,z,z,z,580,598,96.99,164,34.8936,z,11,0,0,27,26,44,26,z,z,z,z,z,z,z,577,z,470,49,,z
2023,Calendar year,Local authority,E92000001,England,E12000006,East of England,E06000034,883,Thurrock,z,,z,9,2.9221,z,163,31.8359,1,4,2,310,0,0,0,0,5,3,1,21,0,42,7,z,28,2,z,z,z,3,3,z,0,3,118,262,88.5135,z,512,36,0,313,0,z,z,z,z,299,308,97.08,262,88.5135,z,0,5,0,5,7,9,1,z,z,z,z,z,z,z,296,z,296,15,,z
2023,Calendar year,Local authority,E92000001,England,E12000008,South East,E06000036,867,Bracknell Forest,z,,z,0,0,z,108,31.2139,1,2,0,270,1,1,5,5,0,3,1,11,0,27,1,z,18,5,z,z,z,1,0,z,0,0,67,102,39.8438,z,346,18,0,220,0,z,z,z,z,270,270,100,102,40.3162,z,12,0,0,4,12,23,2,z,z,z,z,z,z,z,256,z,253,24,,z
2023,Calendar year,Local authority,E92000001,England,E12000005,West Midlands,E08000025,330,Birmingham,z,,z,21,1.7241,z,840,33.2278,58,34,4,1223,36,0,0,270,5,173,4,8,0,858,10,z,216,96,z,z,z,6,21,z,2,0,1399,652,58.8979,z,2528,193,5,1490,2,z,z,z,z,1197,1218,98.28,603,60.5422,z,12,67,53,127,60,376,40,z,z,z,z,z,z,z,1107,z,996,501,,z
2023,Calendar year,Local authority,E92000001,England,E12000005,West Midlands,E06000051,893,Shropshire,z,,z,22,3.0812,z,117,12.7036,9,2,6,720,7,4,5,82,4,2,2,21,0,42,3,z,31,32,z,z,z,0,40,z,1,0,178,253,37.988,z,921,111,0,693,2,z,z,z,z,692,714,96.92,250,38.3436,z,2,5,4,9,100,50,3,z,z,z,z,z,z,z,666,z,652,64,,z
2023,Calendar year,Local authority,E92000001,England,E12000007,London,E09000028,210,Southwark,z,,z,10,2.2173,z,301,37.8616,0,2,0,451,17,0,0,0,15,26,2,6,0,13,28,z,61,25,z,z,z,1,16,z,0,0,193,74,19.2208,z,795,21,3,470,0,z,z,z,z,441,451,97.78,74,19.2208,z,0,2,11,28,17,62,15,z,z,z,z,z,z,z,385,z,385,64,,z
2023,Calendar year,Local authority,E92000001,England,E12000001,North East,E06000004,808,Stockton-on-Tees,z,,z,89,20.6977,z,109,19.7464,27,11,0,430,3,0,0,0,1,1,3,48,0,72,15,z,51,17,z,z,z,2,3,z,0,17,230,329,99.0964,z,552,14,4,425,0,z,z,z,z,341,430,79.3,329,99.3958,z,0,19,12,26,13,8,3,z,z,z,z,z,z,z,332,z,331,54,,z
2023,Calendar year,Local authority,E92000001,England,E12000002,North West,E06000050,896,Cheshire West and Chester,z,,z,31,4.6687,z,360,37.7754,26,20,0,664,15,0,0,0,2,1,2,67,0,51,19,z,11,14,z,z,z,2,17,z,0,14,200,33,6.5217,z,953,18,3,572,0,z,z,z,z,633,664,95.33,33,6.5217,z,15,0,0,22,15,82,2,z,z,z,z,z,z,z,506,z,506,108,,z
2023,Calendar year,Local authority,E92000001,England,E12000008,South East,E06000041,872,Wokingham,z,,z,55,13.9594,z,95,21.2528,8,8,0,394,12,0,0,0,1,0,0,5,0,42,9,z,23,5,z,z,z,2,11,z,0,0,98,188,61.039,z,447,36,4,312,0,z,z,z,z,339,394,86.04,159,71.6216,z,0,7,1,19,12,28,10,z,z,z,z,z,z,z,308,z,222,43,,z
2023,Calendar year,Local authority,E92000001,England,E12000009,South West,E06000027,880,Torbay,z,,z,12,6.1224,z,124,35.4286,1,1,0,196,0,0,0,109,0,2,2,21,0,123,9,z,33,21,z,z,z,43,10,z,0,0,264,85,46.1957,z,350,26,4,196,0,z,z,z,z,184,196,93.88,85,46.1957,z,0,0,3,10,3,10,6,z,z,z,z,z,z,z,184,z,184,11,,z
2023,Calendar year,Local authority,E92000001,England,E12000007,London,E09000016,311,Havering,z,,z,10,2.0121,z,139,21.821,0,0,0,497,17,0,10,225,1,8,0,0,0,103,9,z,44,12,z,z,z,0,0,z,0,0,177,459,94.2505,z,637,1,3,494,0,z,z,z,z,487,497,97.99,459,94.2505,z,52,0,0,7,280,1,7,z,z,z,z,z,z,z,487,z,487,1,,z
2023,Calendar year,Local authority,E92000001,England,E12000002,North West,E06000063,942,Cumberland,z,,z,21,4.9645,z,129,23.412,5,0,0,423,6,4,6,109,3,0,1,38,0,163,10,z,33,7,z,z,z,1,4,z,0,0,260,104,26.4631,z,551,22,0,400,0,z,z,z,z,402,423,95.04,104,27.0833,z,0,4,2,6,125,15,4,z,z,z,z,z,z,z,393,z,384,24,,z
2023,Calendar year,Local authority,E92000001,England,E12000003,Yorkshire and The Humber,E08000036,384,Wakefield,z,,z,20,3.7594,z,50,5.8343,7,1,0,532,0,0,0,0,0,1,4,0,0,108,4,z,45,19,z,z,z,1,4,z,0,0,186,451,89.3069,z,857,115,0,692,0,z,z,z,z,512,532,96.24,451,89.3069,z,0,0,0,8,0,38,7,z,z,z,z,z,z,z,505,z,505,45,,z
2023,Calendar year,Local authority,E92000001,England,E12000005,West Midlands,E10000028,860,Staffordshire,z,,z,20,1.9512,z,898,44.2583,1,7,0,1025,24,0,0,0,3,12,5,31,0,307,38,z,151,68,z,z,z,1,24,z,0,0,640,231,28.1022,z,2029,181,9,941,0,z,z,z,z,1005,1025,98.05,226,31.0867,z,0,17,32,188,24,126,149,z,z,z,z,z,z,z,822,z,727,144,,z
2023,Calendar year,Local authority,E92000001,England,E12000009,South West,E06000058,839,"Bournemouth, Christchurch and Poole",z,,z,51,13.9726,z,354,39.2027,24,14,0,366,14,0,0,0,7,7,2,29,0,147,16,z,56,22,z,z,z,4,16,z,0,0,306,13,4.7619,z,903,13,3,533,0,z,z,z,z,314,365,86.03,13,4.7619,z,0,0,0,23,14,81,9,z,z,z,z,z,z,z,273,z,273,105,,z
2023,Calendar year,Local authority,E92000001,England,E12000006,East of England,E06000031,874,Peterborough,z,,z,5,1.1468,z,176,32.0583,115,0,0,436,6,0,0,0,0,4,1,3,0,16,2,z,14,0,z,z,z,0,4,z,0,0,44,217,68.8889,z,549,32,2,339,0,z,z,z,z,431,436,98.85,214,82.9457,z,0,0,0,0,0,80,0,z,z,z,z,z,z,z,315,z,258,195,,z
2023,Calendar year,Local authority,E92000001,England,E12000003,Yorkshire and The Humber,E06000010,810,"Kingston upon Hull, City of",z,,z,24,4.918,z,193,22.4419,6,1,0,488,3,12,13,146,4,24,0,3,0,102,9,z,36,17,z,z,z,0,0,z,0,0,195,138,30.3965,z,860,65,4,598,0,z,z,z,z,464,488,95.08,125,28.4738,z,35,6,6,16,198,57,9,z,z,z,z,z,z,z,454,z,439,69,,z
2023,Calendar year,Local authority,E92000001,England,E12000007,London,E09000022,208,Lambeth,z,,z,2,0.4415,z,186,30.4918,1,0,3,456,12,0,4,194,6,11,3,2,0,23,32,z,73,39,z,z,z,2,3,z,0,0,194,320,72.5624,z,610,41,2,381,0,z,z,z,z,451,453,99.56,231,71.517,z,136,5,6,15,210,38,9,z,z,z,z,z,z,z,441,z,323,44,,z
2023,Calendar year,Local authority,E92000001,England,E12000007,London,E09000001,201,City of London,z,,z,0,0,z,0,0,0,0,0,5,0,0,0,8,0,0,0,0,0,0,0,z,2,0,z,z,z,0,0,z,0,0,2,5,100,z,2,0,0,2,0,z,z,z,z,5,5,100,5,100,z,0,0,0,0,3,0,0,z,z,z,z,z,z,z,5,z,5,0,,z
2023,Calendar year,Local authority,E92000001,England,E12000009,South West,E10000008,878,Devon,z,,z,288,21.3808,z,753,35.0559,76,63,0,1347,35,0,0,0,7,6,4,93,0,375,35,z,82,39,z,z,z,5,78,z,0,68,792,48,4.898,z,2148,94,9,1292,2,z,z,z,z,1059,1347,78.62,48,4.898,z,40,33,6,130,59,86,61,z,z,z,z,z,z,z,980,z,980,195,,z
2023,Calendar year,Local authority,E92000001,England,E12000007,London,E09000019,206,Islington,z,,z,12,3.8462,z,133,31.0023,4,6,0,312,6,0,6,285,4,0,1,1,0,100,1,z,28,11,z,z,z,0,1,z,0,0,147,180,62.9371,z,429,48,0,248,0,z,z,z,z,300,312,96.15,176,65.9176,z,114,3,10,42,302,15,26,z,z,z,z,z,z,z,286,z,267,22,,z
2023,Calendar year,Local authority,E92000001,England,E12000007,London,E09000024,315,Merton,z,,z,15,3.6232,z,135,25.2809,5,0,2,416,5,0,12,29,12,14,4,21,0,122,16,z,105,36,z,z,z,4,11,z,0,0,345,199,50.3797,z,534,16,10,373,2,z,z,z,z,399,414,96.38,191,67.2535,z,0,3,1,4,46,17,3,z,z,z,z,z,z,z,395,z,284,25,,z
2023,Calendar year,Local authority,E92000001,England,E12000007,London,E09000004,303,Bexley,z,,z,1,0.2415,z,144,21.4605,0,1,0,414,0,0,0,187,3,15,3,4,0,33,7,z,88,26,z,z,z,2,0,z,0,0,181,325,81.864,z,671,47,12,468,0,z,z,z,z,413,414,99.76,324,84.8168,z,0,1,2,12,11,26,9,z,z,z,z,z,z,z,397,z,382,27,,z
2023,Calendar year,Local authority,E92000001,England,E12000007,London,E09000023,209,Lewisham,z,,z,30,9.9668,z,248,30.2071,12,4,0,301,7,1,5,321,3,0,1,0,0,0,0,z,87,39,z,z,z,0,128,z,0,0,258,175,67.0498,z,821,51,2,520,0,z,z,z,z,271,301,90.03,145,98.6395,z,7,0,0,23,517,60,19,z,z,z,z,z,z,z,261,z,147,72,,z
2023,Calendar year,Local authority,E92000001,England,E12000007,London,E09000021,314,Kingston upon Thames,z,,z,14,5.6,z,74,22.4924,1,4,2,252,7,0,0,0,4,12,2,20,0,14,21,z,42,19,z,z,z,0,8,z,0,0,142,106,47.3214,z,329,39,0,216,0,z,z,z,z,236,250,94.4,106,47.3214,z,5,2,3,14,12,4,7,z,z,z,z,z,z,z,224,z,224,7,,z
2023,Calendar year,Local authority,E92000001,England,E12000003,Yorkshire and The Humber,E08000019,373,Sheffield,z,,z,46,4.3935,z,386,31.8219,8,9,0,1047,15,1,10,371,7,5,7,16,0,157,23,z,73,39,z,z,z,1,4,z,0,0,332,522,52.834,z,1213,24,7,796,0,z,z,z,z,1001,1047,95.61,522,53.1027,z,19,28,63,109,415,70,37,z,z,z,z,z,z,z,988,z,983,106,,z
2023,Calendar year,Local authority,E92000001,England,E12000001,North East,E06000005,841,Darlington,z,,z,2,1.0417,z,26,11.5044,4,0,0,192,2,0,10,34,0,0,1,3,0,23,3,z,24,7,z,z,z,0,18,z,0,0,79,141,83.9286,z,226,17,0,183,0,z,z,z,z,190,192,98.96,141,83.9286,z,0,2,0,4,46,13,4,z,z,z,z,z,z,z,168,z,168,19,,z
2023,Calendar year,Local authority,E92000001,England,E12000009,South West,E06000053,420,Isles of Scilly,z,,z,0,0,z,2,25,0,0,0,4,0,0,0,0,0,0,0,0,0,0,0,z,0,1,z,z,z,0,0,z,0,0,1,0,0,z,8,0,0,6,0,z,z,z,z,4,4,100,0,0,z,0,0,0,0,0,1,0,z,z,z,z,z,z,z,4,z,4,1,,z
2023,Calendar year,Local authority,E92000001,England,E12000007,London,E09000030,211,Tower Hamlets,z,,z,13,1.7473,z,167,18.722,6,0,23,767,0,0,0,0,0,4,2,2,0,0,2,z,38,6,z,z,z,3,0,z,0,0,57,334,46.583,z,892,97,3,625,0,z,z,z,z,731,744,98.25,320,48.2655,z,0,0,2,12,14,49,10,z,z,z,z,z,z,z,717,z,663,55,,z
2023,Calendar year,Local authority,E92000001,England,E12000007,London,E09000027,318,Richmond upon Thames,z,,z,11,4.1353,z,75,22.3881,1,3,1,267,10,0,6,0,9,9,0,31,0,17,24,z,32,14,z,z,z,1,9,z,0,0,146,103,45.3744,z,335,41,0,219,2,z,z,z,z,255,266,95.86,102,45.1327,z,7,3,9,22,23,4,10,z,z,z,z,z,z,z,227,z,226,8,,z
2023,Calendar year,Local authority,E92000001,England,E12000001,North East,E08000022,392,North Tyneside,z,,z,38,16.5217,z,203,46.1364,9,8,0,230,5,5,13,85,1,6,6,32,0,50,12,z,30,16,z,z,z,1,45,z,0,0,199,118,73.2919,z,440,24,6,207,0,z,z,z,z,192,230,83.48,118,78.6667,z,64,4,21,59,148,36,30,z,z,z,z,z,z,z,161,z,150,49,,z
2023,Calendar year,Local authority,E92000001,England,E12000009,South West,E10000013,916,Gloucestershire,z,,z,88,9.9886,z,455,31.6852,32,16,1,1003,48,0,2,0,5,3,5,0,0,200,1,z,44,19,z,z,z,5,0,z,2,1,285,259,35.0474,z,1436,46,0,935,0,z,z,z,z,793,881,90.01,259,35.0474,z,0,26,55,132,50,121,61,z,z,z,z,z,z,z,739,z,739,179,,z
2023,Calendar year,Local authority,E92000001,England,E12000001,North East,E06000001,805,Hartlepool,z,,z,2,1.6529,z,60,36.1446,1,1,0,121,0,2,1,56,0,0,0,14,0,47,3,z,9,10,z,z,z,0,0,z,0,0,83,51,43.9655,z,166,2,0,104,0,z,z,z,z,119,121,98.35,51,44.3478,z,0,0,1,10,57,5,8,z,z,z,z,z,z,z,116,z,115,6,,z
2023,Calendar year,Local authority,E92000001,England,E12000009,South West,E06000024,802,North Somerset,z,,z,76,14.9606,z,201,24.7232,18,1,0,508,13,0,0,0,1,7,4,15,0,25,11,z,25,21,z,z,z,1,3,z,0,0,113,151,36.5617,z,813,43,3,566,0,z,z,z,z,432,508,85.04,150,41.6667,z,0,2,1,8,13,20,6,z,z,z,z,z,z,z,413,z,360,40,,z
2023,Calendar year,Local authority,E92000001,England,E12000002,North West,E08000004,353,Oldham,z,,z,81,15.283,z,210,27.8884,54,7,0,530,19,0,3,0,3,0,5,20,0,33,1,z,0,0,z,z,z,0,0,z,0,0,62,394,92.7059,z,753,28,2,513,0,z,z,z,z,449,530,84.72,383,95.0372,z,0,0,0,23,22,112,16,z,z,z,z,z,z,z,425,z,403,166,,z
2023,Calendar year,Local authority,E92000001,England,E12000006,East of England,E10000029,935,Suffolk,z,,z,7,0.6679,z,384,17.786,1,1,0,1048,35,0,58,1786,2,4,1,10,0,8,5,z,26,16,z,z,z,4,2,z,0,0,78,35,3.876,z,2159,110,1,1664,0,z,z,z,z,1041,1048,99.33,35,3.876,z,0,15,65,118,1879,338,52,z,z,z,z,z,z,z,903,z,903,354,,z
2023,Calendar year,Local authority,E92000001,England,E12000008,South East,E06000046,921,Isle of Wight,z,,z,,x,z,,x,x,x,x,x,,,,,x,x,x,x,x,x,x,z,x,x,z,z,z,x,x,z,x,x,x,,x,z,x,x,x,x,x,z,z,z,z,,,x,,x,z,,x,x,x,,x,x,z,z,z,z,z,z,z,,z,,,,z
2023,Calendar year,Local authority,E92000001,England,E12000004,East Midlands,E06000016,856,Leicester,z,,z,,x,z,,x,x,x,x,x,,,,,x,x,x,x,x,x,x,z,x,x,z,z,z,x,x,z,x,x,x,,x,z,x,x,x,x,x,z,z,z,z,,,x,,x,z,,x,x,x,,x,x,z,z,z,z,z,z,z,,z,,,,z
