Unnamed: 0,region_name,la_name,total_pupils,sen_support,ehc_plan,sen_support_percent,ehc_plan_percent,inclusion_rate,region_sen_support_avg,region_ehcp_avg,region_inclusion_avg,parent_interpretation
0,South East,Medway,52434,7325,2241,13.96994317,4.273944387,3.2686300768190133,13.816097900763449,4.974627795551736,2.817842680267383,Close to regional norms – balanced SEND identification and placement patterns.
1,South East,Isle of Wight,17534,2896,1137,16.51648226,6.484544314,2.547053649450933,13.816097900763449,4.974627795551736,2.817842680267383,High SEND need – area serves a complex cohort with broad and deep identification.
2,South East,Oxfordshire,119713,19481,5248,16.27308647,4.383817965,3.71208079348249,13.816097900763449,4.974627795551736,2.817842680267383,More inclusive than regional peers – EHCP pupils more likely to remain in mainstream.
3,South East,Surrey,205330,29215,10858,14.22831539,5.288072858,2.6906428432571348,13.816097900763449,4.974627795551736,2.817842680267383,Close to regional norms – balanced SEND identification and placement patterns.
4,South East,West Sussex,131095,20406,6047,15.56581105,4.612685457,3.3745658998659964,13.816097900763449,4.974627795551736,2.817842680267383,More inclusive than regional peers – EHCP pupils more likely to remain in mainstream.
5,South West,Isles of Scilly,248,29,12,11.69354839,4.838709677,2.4166666674761115,14.45575170540321,4.970013951225099,2.965104227524289,Less inclusive than regional peers – EHCP pupils more often placed outside mainstream.
6,South West,Bath and North East Somerset,32181,4529,1577,14.07352164,4.900407072,2.871908687017746,14.45575170540321,4.970013951225099,2.965104227524289,Close to regional norms – balanced SEND identification and placement patterns.
7,South West,"Bristol, City of",70774,11345,3243,16.02989799,4.5821912,3.498304040651992,14.45575170540321,4.970013951225099,2.965104227524289,More inclusive than regional peers – EHCP pupils more likely to remain in mainstream.
8,South West,North Somerset,32636,3420,1526,10.4792254,4.675818115,2.241153343065826,14.45575170540321,4.970013951225099,2.965104227524289,Less inclusive than regional peers – EHCP pupils more often placed outside mainstream.
9,South West,South Gloucestershire,42132,5355,2090,12.71005412,4.960600019,2.5622009578111884,14.45575170540321,4.970013951225099,2.965104227524289,Close to regional norms – balanced SEND identification and placement patterns.
10,South West,Dorset,52953,8422,2800,15.90467018,5.287707967,3.007857143257397,14.45575170540321,4.970013951225099,2.965104227524289,Close to regional norms – balanced SEND identification and placement patterns.
11,South West,"Bournemouth, Christchurch and Poole",55741,7865,2724,14.10990115,4.886887569,2.8872980912240016,14.45575170540321,4.970013951225099,2.965104227524289,Close to regional norms – balanced SEND identification and placement patterns.
12,South West,Wiltshire,76479,11489,4139,15.02242446,5.411943148,2.77579125448714,14.45575170540321,4.970013951225099,2.965104227524289,Close to regional norms – balanced SEND identification and placement patterns.
13,South West,Swindon,37519,4871,2020,12.9827554,5.383938804,2.411386138036052,14.45575170540321,4.970013951225099,2.965104227524289,Less inclusive than regional peers – EHCP pupils more often placed outside mainstream.
14,South West,Devon,107924,16068,6421,14.8882547,5.949557096,2.502413954479007,14.45575170540321,4.970013951225099,2.965104227524289,Close to regional norms – balanced SEND identification and placement patterns.
15,South West,Plymouth,40192,5885,1852,14.64221736,4.607882166,3.1776457887833933,14.45575170540321,4.970013951225099,2.965104227524289,Close to regional norms – balanced SEND identification and placement patterns.
16,South West,Torbay,20291,2590,1260,12.76427973,6.209649598,2.0555555556808085,14.45575170540321,4.970013951225099,2.965104227524289,Possible support deficit – EHCP-heavy without broad early intervention.
17,South West,Cornwall,76121,11633,2768,15.282248,3.636315866,4.202673409890185,14.45575170540321,4.970013951225099,2.965104227524289,More inclusive than regional peers – EHCP pupils more likely to remain in mainstream.
18,South West,Gloucestershire,101521,14848,4633,14.62554545,4.563587829,3.2048348794910417,14.45575170540321,4.970013951225099,2.965104227524289,Close to regional norms – balanced SEND identification and placement patterns.
19,South West,Somerset,81173,11328,4081,13.95537925,5.027533786,2.7757902470712503,14.45575170540321,4.970013951225099,2.965104227524289,Close to regional norms – balanced SEND identification and placement patterns.
20,North West,Trafford,45692,4894,2265,10.71084654,4.957104088,2.16070640233851,13.804898819418147,5.332690317200692,2.603328956062868,Close to regional norms – balanced SEND identification and placement patterns.
21,North West,Wigan,48982,7497,2397,15.30562247,4.893634396,3.127659573937652,13.804898819418147,5.332690317200692,2.603328956062868,More inclusive than regional peers – EHCP pupils more likely to remain in mainstream.
22,North West,Halton,18847,2938,1107,15.58868785,5.873613838,2.6540198725948314,13.804898819418147,5.332690317200692,2.603328956062868,Close to regional norms – balanced SEND identification and placement patterns.
23,North West,Warrington,33478,4129,1537,12.33347273,4.591074736,2.6864020821289456,13.804898819418147,5.332690317200692,2.603328956062868,Close to regional norms – balanced SEND identification and placement patterns.
24,North West,Lancashire,187248,22918,9245,12.23938306,4.937302401,2.478961600067486,13.804898819418147,5.332690317200692,2.603328956062868,Close to regional norms – balanced SEND identification and placement patterns.
25,North West,Blackburn with Darwen,30366,4335,1208,14.27583482,3.978133439,3.588576159875767,13.804898819418147,5.332690317200692,2.603328956062868,More inclusive than regional peers – EHCP pupils more likely to remain in mainstream.
26,North West,Blackpool,20100,3280,1096,16.31840796,5.452736318,2.992700730114417,13.804898819418147,5.332690317200692,2.603328956062868,Close to regional norms – balanced SEND identification and placement patterns.
27,North West,Cheshire East,60558,6571,3259,10.85075465,5.381617623,2.016262657463057,13.804898819418147,5.332690317200692,2.603328956062868,Less inclusive than regional peers – EHCP pupils more often placed outside mainstream.
28,North West,Cheshire West and Chester,55785,7184,2920,12.8780138,5.234382002,2.4602739721861053,13.804898819418147,5.332690317200692,2.603328956062868,Close to regional norms – balanced SEND identification and placement patterns.
29,North West,Cumberland,40536,5313,2086,13.10686797,5.146043023,2.546979866165025,13.804898819418147,5.332690317200692,2.603328956062868,Close to regional norms – balanced SEND identification and placement patterns.
30,North West,Westmorland and Furness,32348,4550,1783,14.06578459,5.511932732,2.55187885518629,13.804898819418147,5.332690317200692,2.603328956062868,Close to regional norms – balanced SEND identification and placement patterns.
31,Yorkshire and The Humber,Barnsley,35456,4335,1781,12.22642148,5.023127256,2.434025828311605,14.013283087529386,4.330563470357799,3.396185454683648,Less inclusive than regional peers – EHCP pupils more often placed outside mainstream.
32,Yorkshire and The Humber,Doncaster,49668,6799,1852,13.68889426,3.728758959,3.671166307749527,14.013283087529386,4.330563470357799,3.396185454683648,Close to regional norms – balanced SEND identification and placement patterns.
33,Yorkshire and The Humber,Rotherham,45717,7625,2531,16.6786972,5.536233786,3.0126432236617253,14.013283087529386,4.330563470357799,3.396185454683648,High SEND need – area serves a complex cohort with broad and deep identification.
34,Yorkshire and The Humber,Sheffield,88010,13063,3997,14.84263152,4.541529372,3.2682011508082787,14.013283087529386,4.330563470357799,3.396185454683648,Close to regional norms – balanced SEND identification and placement patterns.
35,Yorkshire and The Humber,Bradford,103962,14310,4641,13.76464477,4.464131125,3.083387200011962,14.013283087529386,4.330563470357799,3.396185454683648,Close to regional norms – balanced SEND identification and placement patterns.
36,Yorkshire and The Humber,Calderdale,37174,4753,1945,12.78581804,5.232151504,2.443701798433244,14.013283087529386,4.330563470357799,3.396185454683648,Less inclusive than regional peers – EHCP pupils more often placed outside mainstream.
37,Yorkshire and The Humber,Kirklees,68796,9371,2794,13.62143148,4.061282633,3.3539727989672268,14.013283087529386,4.330563470357799,3.396185454683648,Close to regional norms – balanced SEND identification and placement patterns.
38,Yorkshire and The Humber,Leeds,136799,21335,3864,15.59587424,2.824582051,5.521480331746256,14.013283087529386,4.330563470357799,3.396185454683648,Strong early support model – high identification without over-relying on EHCPs.
39,Yorkshire and The Humber,Wakefield,58625,8360,2999,14.26012793,5.115565032,2.7875958649331856,14.013283087529386,4.330563470357799,3.396185454683648,Less inclusive than regional peers – EHCP pupils more often placed outside mainstream.
40,Yorkshire and The Humber,"Kingston upon Hull, City of",44519,6459,2315,14.50841214,5.200026955,2.7900647949622024,14.013283087529386,4.330563470357799,3.396185454683648,Less inclusive than regional peers – EHCP pupils more often placed outside mainstream.
41,Yorkshire and The Humber,East Riding of Yorkshire,46535,5622,2312,12.08122918,4.968303428,2.431660898952648,14.013283087529386,4.330563470357799,3.396185454683648,Less inclusive than regional peers – EHCP pupils more often placed outside mainstream.
42,Yorkshire and The Humber,North East Lincolnshire,24382,3321,1196,13.6207038,4.905257977,2.776755853385364,14.013283087529386,4.330563470357799,3.396185454683648,Less inclusive than regional peers – EHCP pupils more often placed outside mainstream.
43,Yorkshire and The Humber,North Lincolnshire,24836,3434,1170,13.82670317,4.710903527,2.935042734531464,14.013283087529386,4.330563470357799,3.396185454683648,Close to regional norms – balanced SEND identification and placement patterns.
44,Yorkshire and The Humber,North Yorkshire,88685,11733,3637,13.22997125,4.101031742,3.2260104486652863,14.013283087529386,4.330563470357799,3.396185454683648,Close to regional norms – balanced SEND identification and placement patterns.
45,Yorkshire and The Humber,York,28107,2975,1130,10.58455189,4.020350802,2.6327433627768286,14.013283087529386,4.330563470357799,3.396185454683648,Less inclusive than regional peers – EHCP pupils more often placed outside mainstream.
46,East Midlands,Derbyshire,112938,17227,4696,15.25350192,4.158033611,3.668441226556502,13.050901299062083,4.09555644744886,3.407672993624459,Close to regional norms – balanced SEND identification and placement patterns.
47,East Midlands,Derby,47371,6375,2435,13.45760064,5.140275696,2.6180698149074533,13.050901299062083,4.09555644744886,3.407672993624459,Less inclusive than regional peers – EHCP pupils more often placed outside mainstream.
48,East Midlands,Leicestershire,107761,13983,5170,12.97593749,4.797654068,2.7046421659595152,13.050901299062083,4.09555644744886,3.407672993624459,Less inclusive than regional peers – EHCP pupils more often placed outside mainstream.
49,East Midlands,Leicester,63531,7565,2688,11.90757268,4.231005336,2.814360118783835,13.050901299062083,4.09555644744886,3.407672993624459,Less inclusive than regional peers – EHCP pupils more often placed outside mainstream.
50,East Midlands,Rutland,8131,1035,340,12.72906162,4.181527487,3.044117648293244,13.050901299062083,4.09555644744886,3.407672993624459,Close to regional norms – balanced SEND identification and placement patterns.
51,East Midlands,Nottinghamshire,129770,13823,2956,10.65192263,2.277876243,4.6762516895875095,13.050901299062083,4.09555644744886,3.407672993624459,Low SEND identification – may signal underdiagnosis or barriers to support.
52,East Midlands,Nottingham,52289,7429,1350,14.20757712,2.581804969,5.5029629621880245,13.050901299062083,4.09555644744886,3.407672993624459,Strong early support model – high identification without over-relying on EHCPs.
53,East Midlands,Lincolnshire,112795,16106,6088,14.27900173,5.397402367,2.645532194765127,13.050901299062083,4.09555644744886,3.407672993624459,High SEND need – area serves a complex cohort with broad and deep identification.
54,East Midlands,North Northamptonshire,59067,7121,2681,12.05580104,4.538913437,2.656098470996243,13.050901299062083,4.09555644744886,3.407672993624459,Less inclusive than regional peers – EHCP pupils more often placed outside mainstream.
55,East Midlands,West Northamptonshire,71298,9169,2925,12.86010828,4.102499369,3.134700855087444,13.050901299062083,4.09555644744886,3.407672993624459,Close to regional norms – balanced SEND identification and placement patterns.
56,West Midlands,Birmingham,216574,32038,8563,14.79309612,3.953844875,3.74144575411548,14.257706727066749,4.468078552164072,3.242876722450142,Close to regional norms – balanced SEND identification and placement patterns.
57,West Midlands,Coventry,63825,10795,2371,16.91343517,3.71484528,4.5529312515540346,14.257706727066749,4.468078552164072,3.242876722450142,More inclusive than regional peers – EHCP pupils more likely to remain in mainstream.
58,West Midlands,Dudley,48843,6853,2553,14.0306697,5.226951661,2.6842929894851384,14.257706727066749,4.468078552164072,3.242876722450142,Less inclusive than regional peers – EHCP pupils more often placed outside mainstream.
59,West Midlands,Sandwell,63758,8482,2644,13.30342859,4.146930581,3.2080181546689843,14.257706727066749,4.468078552164072,3.242876722450142,Close to regional norms – balanced SEND identification and placement patterns.
60,West Midlands,Solihull,42325,6047,1740,14.28706438,4.111045481,3.475287355985348,14.257706727066749,4.468078552164072,3.242876722450142,Close to regional norms – balanced SEND identification and placement patterns.
61,West Midlands,Walsall,55414,7037,2932,12.69895694,5.291081676,2.4000682124416333,14.257706727066749,4.468078552164072,3.242876722450142,Less inclusive than regional peers – EHCP pupils more often placed outside mainstream.
62,West Midlands,Wolverhampton,52039,7309,2305,14.0452353,4.42937028,3.170932753899274,14.257706727066749,4.468078552164072,3.242876722450142,Close to regional norms – balanced SEND identification and placement patterns.
63,West Midlands,Staffordshire,130347,16451,6421,12.62092722,4.92608192,2.562061984547752,14.257706727066749,4.468078552164072,3.242876722450142,Less inclusive than regional peers – EHCP pupils more often placed outside mainstream.
64,West Midlands,Stoke-on-Trent,42502,6257,2093,14.72166016,4.924474142,2.989488772911096,14.257706727066749,4.468078552164072,3.242876722450142,Close to regional norms – balanced SEND identification and placement patterns.
65,West Midlands,"Herefordshire, County of",25269,4040,1152,15.98796945,4.558945744,3.506944444566305,14.257706727066749,4.468078552164072,3.242876722450142,Close to regional norms – balanced SEND identification and placement patterns.
66,West Midlands,Worcestershire,90043,13560,4389,15.05947159,4.874337816,3.089542038011261,14.257706727066749,4.468078552164072,3.242876722450142,Close to regional norms – balanced SEND identification and placement patterns.
67,West Midlands,Shropshire,44781,6044,2025,13.49679552,4.522007101,2.984691359068257,14.257706727066749,4.468078552164072,3.242876722450142,Close to regional norms – balanced SEND identification and placement patterns.
68,West Midlands,Telford and Wrekin,33441,5071,1435,15.16402021,4.291139619,3.5337979083360143,14.257706727066749,4.468078552164072,3.242876722450142,Close to regional norms – balanced SEND identification and placement patterns.
69,West Midlands,Warwickshire,97200,13500,4342,13.88888889,4.467078189,3.1091662832768026,14.257706727066749,4.468078552164072,3.242876722450142,Close to regional norms – balanced SEND identification and placement patterns.
70,East of England,Luton,42413,5613,2039,13.23414991,4.80748827,2.752820010520795,12.858234196446311,4.59566703872054,2.8589429849963417,Close to regional norms – balanced SEND identification and placement patterns.
71,East of England,Bedford,36558,4348,1531,11.89342962,4.187865857,2.839973873594872,12.858234196446311,4.59566703872054,2.8589429849963417,Close to regional norms – balanced SEND identification and placement patterns.
72,East of England,Central Bedfordshire,49159,5708,2775,11.6113021,5.644948026,2.0569369366236216,12.858234196446311,4.59566703872054,2.8589429849963417,Possible support deficit – EHCP-heavy without broad early intervention.
73,East of England,Cambridgeshire,103652,12707,5761,12.2592907,5.558021071,2.2056934551697025,12.858234196446311,4.59566703872054,2.8589429849963417,Less inclusive than regional peers – EHCP pupils more often placed outside mainstream.
74,East of England,Peterborough,42098,4687,1814,11.13354554,4.308993301,2.5837927242579397,12.858234196446311,4.59566703872054,2.8589429849963417,Close to regional norms – balanced SEND identification and placement patterns.
75,East of England,Essex,235125,29878,9863,12.70728336,4.194790005,3.029301429834031,12.858234196446311,4.59566703872054,2.8589429849963417,Close to regional norms – balanced SEND identification and placement patterns.
76,East of England,Southend-on-Sea,32903,3809,1436,11.576452,4.364343677,2.6525069647946515,12.858234196446311,4.59566703872054,2.8589429849963417,Close to regional norms – balanced SEND identification and placement patterns.
77,East of England,Thurrock,31978,3683,1716,11.51729314,5.366189255,2.1462703964957344,12.858234196446311,4.59566703872054,2.8589429849963417,Less inclusive than regional peers – EHCP pupils more often placed outside mainstream.
78,East of England,Hertfordshire,226863,30095,8623,13.26571543,3.800972393,3.490084656871119,12.858234196446311,4.59566703872054,2.8589429849963417,More inclusive than regional peers – EHCP pupils more likely to remain in mainstream.
79,East of England,Norfolk,124938,17806,7019,14.25186893,5.617986521,2.536828608742047,12.858234196446311,4.59566703872054,2.8589429849963417,High SEND need – area serves a complex cohort with broad and deep identification.
80,East of England,Suffolk,112356,15140,5128,13.47502581,4.564064224,2.952418096822995,12.858234196446311,4.59566703872054,2.8589429849963417,Close to regional norms – balanced SEND identification and placement patterns.
81,London,City of London,2985,386,11,12.93132328,0.368509213,35.09090905686529,12.716933086302552,4.91909781134388,2.693011583228061,More inclusive than regional peers – EHCP pupils more likely to remain in mainstream.
82,London,Camden,30504,4438,1219,14.54891162,3.99619722,3.640689089914336,12.716933086302552,4.91909781134388,2.693011583228061,More inclusive than regional peers – EHCP pupils more likely to remain in mainstream.
83,London,Greenwich,48889,8202,2332,16.77678005,4.769989159,3.517152658166031,12.716933086302552,4.91909781134388,2.693011583228061,More inclusive than regional peers – EHCP pupils more likely to remain in mainstream.
84,London,Hackney,43390,6215,2451,14.32357686,5.648766997,2.5356997142220767,12.716933086302552,4.91909781134388,2.693011583228061,Close to regional norms – balanced SEND identification and placement patterns.
85,London,Hammersmith and Fulham,26747,3602,1565,13.46693087,5.85112349,2.3015974441517044,12.716933086302552,4.91909781134388,2.693011583228061,Close to regional norms – balanced SEND identification and placement patterns.
86,London,Islington,24468,4180,1637,17.08353768,6.690371097,2.5534514352515294,12.716933086302552,4.91909781134388,2.693011583228061,High SEND need – area serves a complex cohort with broad and deep identification.
87,London,Kensington and Chelsea,24343,3360,1037,13.8027359,4.259951526,3.240115718631301,12.716933086302552,4.91909781134388,2.693011583228061,More inclusive than regional peers – EHCP pupils more likely to remain in mainstream.
88,London,Lambeth,38023,5406,2377,14.21771033,6.251479368,2.274295329642684,12.716933086302552,4.91909781134388,2.693011583228061,High SEND need – area serves a complex cohort with broad and deep identification.
89,London,Lewisham,40068,6210,2210,15.49865229,5.51562344,2.8099547510081657,12.716933086302552,4.91909781134388,2.693011583228061,Close to regional norms – balanced SEND identification and placement patterns.
90,North East,Gateshead,30659,4308,1422,14.05133892,4.638116051,3.029535864453082,14.577160735948867,4.979825348062013,2.9797228262809554,Close to regional norms – balanced SEND identification and placement patterns.
91,North East,Newcastle upon Tyne,47038,6403,2167,13.61239849,4.606913559,2.954776189235636,14.577160735948867,4.979825348062013,2.9797228262809554,Close to regional norms – balanced SEND identification and placement patterns.
92,North East,North Tyneside,31798,4333,1852,13.62664319,5.824265677,2.339632830248722,14.577160735948867,4.979825348062013,2.9797228262809554,Less inclusive than regional peers – EHCP pupils more often placed outside mainstream.
93,North East,South Tyneside,23293,4037,1167,17.33138711,5.010088868,3.459297343146449,14.577160735948867,4.979825348062013,2.9797228262809554,Close to regional norms – balanced SEND identification and placement patterns.
94,North East,Sunderland,42332,6589,2025,15.56505717,4.783615232,3.2538271610721385,14.577160735948867,4.979825348062013,2.9797228262809554,Close to regional norms – balanced SEND identification and placement patterns.
95,North East,Hartlepool,15200,2363,616,15.54605263,4.052631579,3.836038960599532,14.577160735948867,4.979825348062013,2.9797228262809554,More inclusive than regional peers – EHCP pupils more likely to remain in mainstream.
96,North East,Middlesbrough,25965,3870,1442,14.90467938,5.553629886,2.683772539033041,14.577160735948867,4.979825348062013,2.9797228262809554,Close to regional norms – balanced SEND identification and placement patterns.
97,North East,Redcar and Cleveland,21233,3205,1063,15.09442848,5.006358028,3.0150517393239857,14.577160735948867,4.979825348062013,2.9797228262809554,Close to regional norms – balanced SEND identification and placement patterns.
98,North East,Stockton-on-Tees,34679,4491,1725,12.95020041,4.974191874,2.603478260999628,14.577160735948867,4.979825348062013,2.9797228262809554,Close to regional norms – balanced SEND identification and placement patterns.
99,North East,County Durham,76054,11730,3270,15.4232519,4.299576617,3.587155962989089,14.577160735948867,4.979825348062013,2.9797228262809554,More inclusive than regional peers – EHCP pupils more likely to remain in mainstream.
100,North East,Darlington,16437,2251,955,13.69471315,5.810062664,2.3570680631130623,14.577160735948867,4.979825348062013,2.9797228262809554,Less inclusive than regional peers – EHCP pupils more often placed outside mainstream.
101,North East,Northumberland,45728,6247,2734,13.66121414,5.978831351,2.284930505309381,14.577160735948867,4.979825348062013,2.9797228262809554,Less inclusive than regional peers – EHCP pupils more often placed outside mainstream.
102,North West,Knowsley,21655,3445,1423,15.90856615,6.571230663,2.420941672246394,13.804898819418147,5.332690317200692,2.603328956062868,High SEND need – area serves a complex cohort with broad and deep identification.
103,North West,Liverpool,79988,13580,4782,16.97754663,5.97839676,2.8398159760142785,13.804898819418147,5.332690317200692,2.603328956062868,Close to regional norms – balanced SEND identification and placement patterns.
104,North West,St. Helens,27955,4578,1365,16.37631908,4.882847433,3.3538461532349086,13.804898819418147,5.332690317200692,2.603328956062868,More inclusive than regional peers – EHCP pupils more likely to remain in mainstream.
105,North West,Sefton,42717,6496,2094,15.20706042,4.902029637,3.10219675238573,13.804898819418147,5.332690317200692,2.603328956062868,Close to regional norms – balanced SEND identification and placement patterns.
106,North West,Wirral,52075,8379,3216,16.09025444,6.175708113,2.6054104477719187,13.804898819418147,5.332690317200692,2.603328956062868,Close to regional norms – balanced SEND identification and placement patterns.
107,North West,Bolton,57309,6823,2738,11.90563437,4.777609102,2.49196493807249,13.804898819418147,5.332690317200692,2.603328956062868,Close to regional norms – balanced SEND identification and placement patterns.
108,North West,Bury,31199,3887,1750,12.45873265,5.60915414,2.2211428566660856,13.804898819418147,5.332690317200692,2.603328956062868,Close to regional norms – balanced SEND identification and placement patterns.
109,North West,Manchester,100074,14196,6121,14.18550273,6.116473809,2.319228884643786,13.804898819418147,5.332690317200692,2.603328956062868,Close to regional norms – balanced SEND identification and placement patterns.
110,North West,Oldham,47723,6010,2918,12.59350837,6.114452151,2.059629883266054,13.804898819418147,5.332690317200692,2.603328956062868,Less inclusive than regional peers – EHCP pupils more often placed outside mainstream.
111,North West,Rochdale,38852,5434,1964,13.98640997,5.05508082,2.766802444515615,13.804898819418147,5.332690317200692,2.603328956062868,Close to regional norms – balanced SEND identification and placement patterns.
112,North West,Salford,45036,7640,2366,16.96420641,5.253574918,3.229078613093835,13.804898819418147,5.332690317200692,2.603328956062868,More inclusive than regional peers – EHCP pupils more likely to remain in mainstream.
113,North West,Stockport,48323,6507,2577,13.46563748,5.332864268,2.525029103178367,13.804898819418147,5.332690317200692,2.603328956062868,Close to regional norms – balanced SEND identification and placement patterns.
114,North West,Tameside,37893,5729,2028,15.11888739,5.351911963,2.824950689496235,13.804898819418147,5.332690317200692,2.603328956062868,Close to regional norms – balanced SEND identification and placement patterns.
115,London,Southwark,48517,7412,2321,15.27711936,4.783890183,3.1934510984990148,12.716933086302552,4.91909781134388,2.693011583228061,More inclusive than regional peers – EHCP pupils more likely to remain in mainstream.
116,London,Tower Hamlets,48094,5964,3251,12.40071527,6.759678962,1.8345124583151764,12.716933086302552,4.91909781134388,2.693011583228061,Less inclusive than regional peers – EHCP pupils more often placed outside mainstream.
117,London,Wandsworth,42742,6139,2630,14.36292172,6.153198259,2.3342205330361354,12.716933086302552,4.91909781134388,2.693011583228061,High SEND need – area serves a complex cohort with broad and deep identification.
118,London,Westminster,31019,4404,1326,14.19774977,4.274799317,3.321266968846575,12.716933086302552,4.91909781134388,2.693011583228061,More inclusive than regional peers – EHCP pupils more likely to remain in mainstream.
119,London,Barking and Dagenham,46114,5539,1976,12.01153663,4.285032745,2.8031376525688607,12.716933086302552,4.91909781134388,2.693011583228061,Close to regional norms – balanced SEND identification and placement patterns.
120,London,Barnet,70404,8131,3420,11.54905971,4.857678541,2.3774853795950266,12.716933086302552,4.91909781134388,2.693011583228061,Close to regional norms – balanced SEND identification and placement patterns.
121,London,Bexley,44126,4901,2094,11.10683044,4.745501518,2.340496657280808,12.716933086302552,4.91909781134388,2.693011583228061,Close to regional norms – balanced SEND identification and placement patterns.
122,London,Brent,50850,5666,2361,11.1425762,4.643067847,2.399830579085656,12.716933086302552,4.91909781134388,2.693011583228061,Close to regional norms – balanced SEND identification and placement patterns.
123,London,Bromley,58419,7634,2942,13.06766634,5.036032798,2.594833446118474,12.716933086302552,4.91909781134388,2.693011583228061,Close to regional norms – balanced SEND identification and placement patterns.
124,London,Croydon,65470,9590,3017,14.64793035,4.608217504,3.178654292529678,12.716933086302552,4.91909781134388,2.693011583228061,Close to regional norms – balanced SEND identification and placement patterns.
125,London,Ealing,59438,6603,3123,11.10905481,5.254214476,2.114313159606163,12.716933086302552,4.91909781134388,2.693011583228061,Less inclusive than regional peers – EHCP pupils more often placed outside mainstream.
126,London,Enfield,57368,6683,3318,11.64935155,5.783712174,2.0141651589040506,12.716933086302552,4.91909781134388,2.693011583228061,Less inclusive than regional peers – EHCP pupils more often placed outside mainstream.
127,London,Haringey,41718,5612,2232,13.45222686,5.350208543,2.51433691824973,12.716933086302552,4.91909781134388,2.693011583228061,Close to regional norms – balanced SEND identification and placement patterns.
128,London,Harrow,43167,4587,1765,10.62617277,4.088771515,2.5988668554887444,12.716933086302552,4.91909781134388,2.693011583228061,Close to regional norms – balanced SEND identification and placement patterns.
129,London,Havering,43753,4326,1918,9.887322012,4.383699403,2.255474452749561,12.716933086302552,4.91909781134388,2.693011583228061,Close to regional norms – balanced SEND identification and placement patterns.
130,London,Hillingdon,57403,6791,2789,11.83039214,4.858631082,2.434922911481922,12.716933086302552,4.91909781134388,2.693011583228061,Close to regional norms – balanced SEND identification and placement patterns.
131,London,Hounslow,48365,7019,2198,14.51256074,4.544608705,3.193357598429368,12.716933086302552,4.91909781134388,2.693011583228061,More inclusive than regional peers – EHCP pupils more likely to remain in mainstream.
132,London,Kingston upon Thames,31320,3964,1456,12.65644955,4.648786718,2.722527471736766,12.716933086302552,4.91909781134388,2.693011583228061,Close to regional norms – balanced SEND identification and placement patterns.
133,London,Merton,32646,4717,1915,14.44893708,5.865956013,2.463185378134202,12.716933086302552,4.91909781134388,2.693011583228061,Close to regional norms – balanced SEND identification and placement patterns.
134,London,Newham,65477,6707,2263,10.24329154,3.456175451,2.963764914491316,12.716933086302552,4.91909781134388,2.693011583228061,Low SEND identification – may signal underdiagnosis or barriers to support.
135,London,Redbridge,61588,6275,2454,10.18867312,3.984542443,2.557049715432031,12.716933086302552,4.91909781134388,2.693011583228061,Close to regional norms – balanced SEND identification and placement patterns.
136,London,Richmond upon Thames,39530,4671,1348,11.81634202,3.410068303,3.465133531080477,12.716933086302552,4.91909781134388,2.693011583228061,More inclusive than regional peers – EHCP pupils more likely to remain in mainstream.
137,London,Sutton,43033,4412,2032,10.25259684,4.721957567,2.171259841818905,12.716933086302552,4.91909781134388,2.693011583228061,Less inclusive than regional peers – EHCP pupils more often placed outside mainstream.
138,London,Waltham Forest,44618,5234,2565,11.73069165,5.748800932,2.0405458092491138,12.716933086302552,4.91909781134388,2.693011583228061,Less inclusive than regional peers – EHCP pupils more often placed outside mainstream.
139,South East,Buckinghamshire,98973,11784,4701,11.90627747,4.749780243,2.506700702110777,13.816097900763449,4.974627795551736,2.817842680267383,Close to regional norms – balanced SEND identification and placement patterns.
140,South East,Milton Keynes,53210,6299,2143,11.83800038,4.027438451,2.9393373788395607,13.816097900763449,4.974627795551736,2.817842680267383,Close to regional norms – balanced SEND identification and placement patterns.
141,South East,East Sussex,74461,11235,3343,15.08843556,4.489598582,3.360753814493253,13.816097900763449,4.974627795551736,2.817842680267383,More inclusive than regional peers – EHCP pupils more likely to remain in mainstream.
142,South East,Brighton and Hove,35203,5945,1697,16.88776525,4.82061188,3.5032410138772674,13.816097900763449,4.974627795551736,2.817842680267383,More inclusive than regional peers – EHCP pupils more likely to remain in mainstream.
143,South East,Hampshire,199804,26275,11539,13.15038738,5.775159656,2.277060404094221,13.816097900763449,4.974627795551736,2.817842680267383,Less inclusive than regional peers – EHCP pupils more often placed outside mainstream.
144,South East,Portsmouth,30341,4591,1427,15.13134043,4.703206882,3.217238962613,13.816097900763449,4.974627795551736,2.817842680267383,Close to regional norms – balanced SEND identification and placement patterns.
145,South East,Southampton,36019,5764,2050,16.00266526,5.691440629,2.8117073168541,13.816097900763449,4.974627795551736,2.817842680267383,Close to regional norms – balanced SEND identification and placement patterns.
146,South East,Bracknell Forest,22155,2946,918,13.2972241,4.143534191,3.209150326038664,13.816097900763449,4.974627795551736,2.817842680267383,Close to regional norms – balanced SEND identification and placement patterns.
147,South East,Windsor and Maidenhead,28615,3646,1388,12.74156911,4.850602831,2.626801153161657,13.816097900763449,4.974627795551736,2.817842680267383,Close to regional norms – balanced SEND identification and placement patterns.
148,South East,West Berkshire,30474,4610,1618,15.1276498,5.309444116,2.849196539127864,13.816097900763449,4.974627795551736,2.817842680267383,Close to regional norms – balanced SEND identification and placement patterns.
149,South East,Reading,27835,3660,1106,13.14891324,3.973414766,3.309222423119168,13.816097900763449,4.974627795551736,2.817842680267383,Close to regional norms – balanced SEND identification and placement patterns.
150,South East,Slough,35045,3877,1332,11.0629191,3.800827507,2.910660659981379,13.816097900763449,4.974627795551736,2.817842680267383,Low SEND identification – may signal underdiagnosis or barriers to support.
151,South East,Wokingham,34404,3701,1437,10.75747006,4.176839902,2.5755045231321865,13.816097900763449,4.974627795551736,2.817842680267383,Close to regional norms – balanced SEND identification and placement patterns.
152,South East,Kent,271166,34112,14579,12.5797482,5.376411497,2.3398038277054147,13.816097900763449,4.974627795551736,2.817842680267383,Close to regional norms – balanced SEND identification and placement patterns.
